"Anexos","Desafio","emailEnviado","Startup","Creation Date","Modified Date","Slug"
"//2eb0cd16e008139946c2510a2de49dd6.cdn.bubble.io/f1730296881403x319771147121542340/O%20Pequeno%20Theo%20e%20a%20Ponte.pdf","","","","Oct 30, 2024 11:01 am","Oct 30, 2024 11:01 am",""
"","1733316927875x867554038388359200","","BEG","Dec 5, 2024 12:22 pm","Dec 5, 2024 12:22 pm",""
"//2eb0cd16e008139946c2510a2de49dd6.cdn.bubble.io/f1744056178001x638306616587197300/Proposta%2004042500127v1%20%20Proposta%20Comercial%20de%20Desafio%20Triagem%20e%20Montagem.pdf","1733316927875x867554038388359200","","","Apr 7, 2025 5:03 pm","Apr 7, 2025 5:03 pm",""
"//2eb0cd16e008139946c2510a2de49dd6.cdn.bubble.io/f1744215154108x792507490184329600/INSPACE_Desafio%20SHINERAY%202025-compactado.pdf","1733316927875x867554038388359200","","InSpace","Apr 9, 2025 1:12 pm","Apr 9, 2025 1:12 pm",""
"","1733316927875x867554038388359200","","Masur Data Analytics","Apr 10, 2025 12:18 am","Apr 10, 2025 12:18 am",""
"//2eb0cd16e008139946c2510a2de49dd6.cdn.bubble.io/f1744255128796x458847077350364100/Masur%20Data%20Analytics%20-%20Experi%C3%AAncias%20Relevantes.pdf , //2eb0cd16e008139946c2510a2de49dd6.cdn.bubble.io/f1744255129200x736986060804302500/Masur%20Data%20Analytics%20-%20Proposta%20de%20Projeto.pdf , //2eb0cd16e008139946c2510a2de49dd6.cdn.bubble.io/f1744255161404x876804921097543600/Contrato%20Google.pdf , //2eb0cd16e008139946c2510a2de49dd6.cdn.bubble.io/f1744255161246x606840614933206160/contrato_mobiis.pdf , //2eb0cd16e008139946c2510a2de49dd6.cdn.bubble.io/f1744255163673x537272545828876300/contrato_neurobots.pdf , //2eb0cd16e008139946c2510a2de49dd6.cdn.bubble.io/f1744255177189x514367457981870200/Consulta%20Regularidade%20do%20Empregador.pdf , //2eb0cd16e008139946c2510a2de49dd6.cdn.bubble.io/f1744255177311x455620894441211000/CARTAO%20CNPJ.pdf , //2eb0cd16e008139946c2510a2de49dd6.cdn.bubble.io/f1744255178223x482321253653395840/Certid%C3%A3o%20Negativa%20Federal.pdf , //2eb0cd16e008139946c2510a2de49dd6.cdn.bubble.io/f1744255179357x216386420286369440/Relatorio_CertidaoNegativa%20municipal_2025-04-07_111624.pdf , //2eb0cd16e008139946c2510a2de49dd6.cdn.bubble.io/f1744255179463x421866281052971400/CND%20ESTADUAL%2025040260938-50.pdf , //2eb0cd16e008139946c2510a2de49dd6.cdn.bubble.io/f1744255180405x564108659615935040/certidao%20trabalhista_49650300000105.pdf , //2eb0cd16e008139946c2510a2de49dd6.cdn.bubble.io/f1744255181282x921783426431544300/Contrato%20social.pdf","1733316927875x867554038388359200","","Masur Data Analytics","Apr 10, 2025 12:21 am","Apr 10, 2025 12:21 am",""
"//2eb0cd16e008139946c2510a2de49dd6.cdn.bubble.io/f1744255128796x458847077350364100/Masur%20Data%20Analytics%20-%20Experi%C3%AAncias%20Relevantes.pdf , //2eb0cd16e008139946c2510a2de49dd6.cdn.bubble.io/f1744255129200x736986060804302500/Masur%20Data%20Analytics%20-%20Proposta%20de%20Projeto.pdf , //2eb0cd16e008139946c2510a2de49dd6.cdn.bubble.io/f1744255161404x876804921097543600/Contrato%20Google.pdf , //2eb0cd16e008139946c2510a2de49dd6.cdn.bubble.io/f1744255161246x606840614933206160/contrato_mobiis.pdf , //2eb0cd16e008139946c2510a2de49dd6.cdn.bubble.io/f1744255163673x537272545828876300/contrato_neurobots.pdf , //2eb0cd16e008139946c2510a2de49dd6.cdn.bubble.io/f1744255177189x514367457981870200/Consulta%20Regularidade%20do%20Empregador.pdf , //2eb0cd16e008139946c2510a2de49dd6.cdn.bubble.io/f1744255177311x455620894441211000/CARTAO%20CNPJ.pdf , //2eb0cd16e008139946c2510a2de49dd6.cdn.bubble.io/f1744255178223x482321253653395840/Certid%C3%A3o%20Negativa%20Federal.pdf , //2eb0cd16e008139946c2510a2de49dd6.cdn.bubble.io/f1744255179357x216386420286369440/Relatorio_CertidaoNegativa%20municipal_2025-04-07_111624.pdf , //2eb0cd16e008139946c2510a2de49dd6.cdn.bubble.io/f1744255179463x421866281052971400/CND%20ESTADUAL%2025040260938-50.pdf , //2eb0cd16e008139946c2510a2de49dd6.cdn.bubble.io/f1744255180405x564108659615935040/certidao%20trabalhista_49650300000105.pdf , //2eb0cd16e008139946c2510a2de49dd6.cdn.bubble.io/f1744255181282x921783426431544300/Contrato%20social.pdf","1733316927875x867554038388359200","","Masur Data Analytics","Apr 10, 2025 12:21 am","Apr 10, 2025 12:21 am",""
"//2eb0cd16e008139946c2510a2de49dd6.cdn.bubble.io/f1744255540130x593059362689211500/Masur%20Data%20Analytics%20-%20Proposta%20de%20Projeto.pdf , //2eb0cd16e008139946c2510a2de49dd6.cdn.bubble.io/f1744255547236x623863084077209100/Masur%20Data%20Analytics%20-%20Experi%C3%AAncias%20Relevantes.pdf , //2eb0cd16e008139946c2510a2de49dd6.cdn.bubble.io/f1744255555870x463426785246379140/Contrato%20Google.pdf , //2eb0cd16e008139946c2510a2de49dd6.cdn.bubble.io/f1744255557667x401047321401927400/contrato_mobiis.pdf , //2eb0cd16e008139946c2510a2de49dd6.cdn.bubble.io/f1744255558088x455659252212684100/contrato_neurobots.pdf , //2eb0cd16e008139946c2510a2de49dd6.cdn.bubble.io/f1744255566478x620178235621627900/Consulta%20Regularidade%20do%20Empregador.pdf , //2eb0cd16e008139946c2510a2de49dd6.cdn.bubble.io/f1744255566528x683504737473002100/CARTAO%20CNPJ.pdf , //2eb0cd16e008139946c2510a2de49dd6.cdn.bubble.io/f1744255567538x761967168102570900/Certid%C3%A3o%20Negativa%20Federal.pdf , //2eb0cd16e008139946c2510a2de49dd6.cdn.bubble.io/f1744255569158x915604280398635000/Relatorio_CertidaoNegativa%20municipal_2025-04-07_111624.pdf , //2eb0cd16e008139946c2510a2de49dd6.cdn.bubble.io/f1744255568901x858168054095843800/CND%20ESTADUAL%2025040260938-50.pdf , //2eb0cd16e008139946c2510a2de49dd6.cdn.bubble.io/f1744255570530x853374337991862800/Contrato%20social.pdf , //2eb0cd16e008139946c2510a2de49dd6.cdn.bubble.io/f1744255570204x143023621362991860/certidao%20trabalhista_49650300000105.pdf","1733316927875x867554038388359200","","Masur Data Analytics","Apr 10, 2025 12:26 am","Apr 10, 2025 12:26 am",""
"//2eb0cd16e008139946c2510a2de49dd6.cdn.bubble.io/f1744289398512x480723286750720060/IMOGEN-20250410T124914Z-001.zip","1733316927875x867554038388359200","","Imogen","Apr 10, 2025 9:50 am","Apr 10, 2025 9:50 am",""
"//2eb0cd16e008139946c2510a2de49dd6.cdn.bubble.io/f1744291722825x676925143700827500/Contrato%20Google.pdf , //2eb0cd16e008139946c2510a2de49dd6.cdn.bubble.io/f1744291723231x799606980395236100/contrato_mobiis.pdf , //2eb0cd16e008139946c2510a2de49dd6.cdn.bubble.io/f1744291724955x675141840371768400/contrato_neurobots.pdf , //2eb0cd16e008139946c2510a2de49dd6.cdn.bubble.io/f1744291735463x280982012050601020/Consulta%20Regularidade%20do%20Empregador.pdf , //2eb0cd16e008139946c2510a2de49dd6.cdn.bubble.io/f1744291735496x228009567074560320/CARTAO%20CNPJ.pdf , //2eb0cd16e008139946c2510a2de49dd6.cdn.bubble.io/f1744291736538x283514498128501150/Certid%C3%A3o%20Negativa%20Federal.pdf , //2eb0cd16e008139946c2510a2de49dd6.cdn.bubble.io/f1744291737657x507963090107377300/Relatorio_CertidaoNegativa%20municipal_2025-04-07_111624.pdf , //2eb0cd16e008139946c2510a2de49dd6.cdn.bubble.io/f1744291737684x192977085103274160/CND%20ESTADUAL%2025040260938-50.pdf , //2eb0cd16e008139946c2510a2de49dd6.cdn.bubble.io/f1744291738928x178864834748531100/certidao%20trabalhista_49650300000105.pdf , //2eb0cd16e008139946c2510a2de49dd6.cdn.bubble.io/f1744291739182x762955897739536800/Contrato%20social.pdf , //2eb0cd16e008139946c2510a2de49dd6.cdn.bubble.io/f1744291748884x389437696577270140/Masur%20Data%20Analytics%20-%20Experi%C3%AAncias%20Relevantes.pdf , //2eb0cd16e008139946c2510a2de49dd6.cdn.bubble.io/f1744291749348x671934462925489800/Masur%20Data%20Analytics%20-%20Proposta%20de%20Projeto.pdf","1733316927875x867554038388359200","","Masur Data Analytics","Apr 10, 2025 10:29 am","Apr 10, 2025 10:29 am",""
"//2eb0cd16e008139946c2510a2de49dd6.cdn.bubble.io/f1744291722825x676925143700827500/Contrato%20Google.pdf , //2eb0cd16e008139946c2510a2de49dd6.cdn.bubble.io/f1744291723231x799606980395236100/contrato_mobiis.pdf , //2eb0cd16e008139946c2510a2de49dd6.cdn.bubble.io/f1744291724955x675141840371768400/contrato_neurobots.pdf , //2eb0cd16e008139946c2510a2de49dd6.cdn.bubble.io/f1744291735463x280982012050601020/Consulta%20Regularidade%20do%20Empregador.pdf , //2eb0cd16e008139946c2510a2de49dd6.cdn.bubble.io/f1744291735496x228009567074560320/CARTAO%20CNPJ.pdf , //2eb0cd16e008139946c2510a2de49dd6.cdn.bubble.io/f1744291736538x283514498128501150/Certid%C3%A3o%20Negativa%20Federal.pdf , //2eb0cd16e008139946c2510a2de49dd6.cdn.bubble.io/f1744291737657x507963090107377300/Relatorio_CertidaoNegativa%20municipal_2025-04-07_111624.pdf , //2eb0cd16e008139946c2510a2de49dd6.cdn.bubble.io/f1744291737684x192977085103274160/CND%20ESTADUAL%2025040260938-50.pdf , //2eb0cd16e008139946c2510a2de49dd6.cdn.bubble.io/f1744291738928x178864834748531100/certidao%20trabalhista_49650300000105.pdf , //2eb0cd16e008139946c2510a2de49dd6.cdn.bubble.io/f1744291739182x762955897739536800/Contrato%20social.pdf , //2eb0cd16e008139946c2510a2de49dd6.cdn.bubble.io/f1744291748884x389437696577270140/Masur%20Data%20Analytics%20-%20Experi%C3%AAncias%20Relevantes.pdf , //2eb0cd16e008139946c2510a2de49dd6.cdn.bubble.io/f1744291749348x671934462925489800/Masur%20Data%20Analytics%20-%20Proposta%20de%20Projeto.pdf","1733316927875x867554038388359200","","Masur Data Analytics","Apr 10, 2025 10:29 am","Apr 10, 2025 10:29 am",""
"//2eb0cd16e008139946c2510a2de49dd6.cdn.bubble.io/f1744752327463x676799631912268000/Proposta%2004042500127v2%20%20Proposta%20Comercial%20de%20Desafio%20Triagem%20e%20Montagem.pdf","1733316927875x867554038388359200","","","Apr 15, 2025 6:25 pm","Apr 15, 2025 6:25 pm",""
"//2eb0cd16e008139946c2510a2de49dd6.cdn.bubble.io/f1744752327463x676799631912268000/Proposta%2004042500127v2%20%20Proposta%20Comercial%20de%20Desafio%20Triagem%20e%20Montagem.pdf","1733316927875x867554038388359200","","","Apr 15, 2025 6:25 pm","Apr 15, 2025 6:25 pm",""
"","1733316927875x867554038388359200","","","Apr 26, 2025 3:28 pm","Apr 26, 2025 3:28 pm",""
"//2eb0cd16e008139946c2510a2de49dd6.cdn.bubble.io/f1746066317115x766512854754420900/Shineray_Poc.pdf","1733316927875x867554038388359200","","COLI","Apr 30, 2025 11:25 pm","Apr 30, 2025 11:25 pm",""
"//2eb0cd16e008139946c2510a2de49dd6.cdn.bubble.io/f1746066317115x766512854754420900/Shineray_Poc.pdf","1733316927875x867554038388359200","","COLI","Apr 30, 2025 11:25 pm","Apr 30, 2025 11:25 pm",""
"//2eb0cd16e008139946c2510a2de49dd6.cdn.bubble.io/f1746066317115x766512854754420900/Shineray_Poc.pdf","1733316927875x867554038388359200","","COLI","Apr 30, 2025 11:25 pm","Apr 30, 2025 11:25 pm",""
"//2eb0cd16e008139946c2510a2de49dd6.cdn.bubble.io/f1746066317115x766512854754420900/Shineray_Poc.pdf","1733316927875x867554038388359200","","COLI","Apr 30, 2025 11:26 pm","Apr 30, 2025 11:26 pm",""
"//2eb0cd16e008139946c2510a2de49dd6.cdn.bubble.io/f1746066317115x766512854754420900/Shineray_Poc.pdf","1733316927875x867554038388359200","","COLI","Apr 30, 2025 11:27 pm","Apr 30, 2025 11:27 pm",""
"//2eb0cd16e008139946c2510a2de49dd6.cdn.bubble.io/f1746066317115x766512854754420900/Shineray_Poc.pdf","1733316927875x867554038388359200","","COLI","Apr 30, 2025 11:27 pm","Apr 30, 2025 11:27 pm",""
"//2eb0cd16e008139946c2510a2de49dd6.cdn.bubble.io/f1746239549731x993180496797698700/MSA%20Apresenta%C3%A7%C3%A3o%20EeA.pdf","1733316927875x867554038388359200","","","May 2, 2025 11:32 pm","May 2, 2025 11:32 pm",""
"","1733316927875x867554038388359200","","AgriVision","May 3, 2025 8:44 am","May 3, 2025 8:44 am",""
"//2eb0cd16e008139946c2510a2de49dd6.cdn.bubble.io/f1757360505108x338598075614495740/OperAI%20-%20Pitch%20Capital.pdf","1757097806635x825229211823243300","não","","Sep 8, 2025 4:41 pm","Sep 8, 2025 4:41 pm",""
"//2eb0cd16e008139946c2510a2de49dd6.cdn.bubble.io/f1757361823544x817838530485219800/Captura%20de%20tela%202025-01-28%20153206.png","1757097806635x825229211823243300","não","BEG","Sep 8, 2025 5:03 pm","Sep 8, 2025 5:03 pm",""
"//2eb0cd16e008139946c2510a2de49dd6.cdn.bubble.io/f1757413507258x549663558874425200/HenriqueAnalista.pdf","1757097806635x825229211823243300","não","","Sep 9, 2025 7:25 am","Sep 9, 2025 7:25 am",""
"//2eb0cd16e008139946c2510a2de49dd6.cdn.bubble.io/f1757510795785x773639855708046800/Absens%20-%20Submissa%CC%83o%20de%20editais.pdf , //2eb0cd16e008139946c2510a2de49dd6.cdn.bubble.io/f1757510805938x539172257457605600/Vi%CC%81deo%20Absens%20-%20Amazonas%20%283%29.MP4 , //2eb0cd16e008139946c2510a2de49dd6.cdn.bubble.io/f1757510834384x297163333221624400/Absens%20%2B%20Emprel%20%281%29.MOV","1757097806635x825229211823243300","não","","Sep 10, 2025 10:27 am","Sep 10, 2025 10:27 am",""
"//2eb0cd16e008139946c2510a2de49dd6.cdn.bubble.io/f1757511078591x686654769599828900/Absens%20-%20Submissa%CC%83o%20de%20editais%20%281%29.pdf , //2eb0cd16e008139946c2510a2de49dd6.cdn.bubble.io/f1757511133374x260381428566186300/Vi%CC%81deo%20Absens%20-%20Amazonas%20%283%29.MP4 , //2eb0cd16e008139946c2510a2de49dd6.cdn.bubble.io/f1757511221278x805720665461138700/Absens%20%2B%20Emprel%20%281%29.MOV","1757097806635x825229211823243300","não","","Sep 10, 2025 10:34 am","Sep 10, 2025 10:34 am",""
"","1757097806635x825229211823243300","não","COLI","Sep 11, 2025 8:20 am","Sep 11, 2025 8:20 am",""
"","1757097806635x825229211823243300","não","","Sep 12, 2025 2:57 pm","Sep 12, 2025 2:57 pm",""
"//2eb0cd16e008139946c2510a2de49dd6.cdn.bubble.io/f1757699865708x497556921094435260/Inscri%C3%A7%C3%A3o%20%E2%80%93%20HC-UFPE%20como%20Hub%20de%20Inova%C3%A7%C3%A3o%20em%20Sa%C3%BAde%20%E2%80%93%20CORETO%20Conecta.pdf","1757097806635x825229211823243300","não","","Sep 12, 2025 2:57 pm","Sep 12, 2025 2:57 pm",""
"//2eb0cd16e008139946c2510a2de49dd6.cdn.bubble.io/f1757699865708x497556921094435260/Inscri%C3%A7%C3%A3o%20%E2%80%93%20HC-UFPE%20como%20Hub%20de%20Inova%C3%A7%C3%A3o%20em%20Sa%C3%BAde%20%E2%80%93%20CORETO%20Conecta.pdf","1757097806635x825229211823243300","não","","Sep 12, 2025 2:58 pm","Sep 12, 2025 2:58 pm",""
"//2eb0cd16e008139946c2510a2de49dd6.cdn.bubble.io/f1757699865708x497556921094435260/Inscri%C3%A7%C3%A3o%20%E2%80%93%20HC-UFPE%20como%20Hub%20de%20Inova%C3%A7%C3%A3o%20em%20Sa%C3%BAde%20%E2%80%93%20CORETO%20Conecta.pdf","1757097806635x825229211823243300","não","","Sep 12, 2025 2:58 pm","Sep 12, 2025 2:58 pm",""
"//2eb0cd16e008139946c2510a2de49dd6.cdn.bubble.io/f1757700200322x101424403121813890/Inscri%C3%A7%C3%A3o%20%E2%80%93%20HC-UFPE%20como%20Hub%20de%20Inova%C3%A7%C3%A3o%20em%20Sa%C3%BAde%20%E2%80%93%20CORETO%20Conecta.pdf","1757097806635x825229211823243300","não","","Sep 12, 2025 3:03 pm","Sep 12, 2025 3:03 pm",""
"//2eb0cd16e008139946c2510a2de49dd6.cdn.bubble.io/f1757714083143x401858945235483900/Projeto%20Coreto.pdf","1757097806635x825229211823243300","não","","Sep 12, 2025 6:55 pm","Sep 12, 2025 6:55 pm",""
"","1757097806635x825229211823243300","não","","Sep 13, 2025 4:59 am","Sep 13, 2025 4:59 am",""
"","1757097806635x825229211823243300","não","","Sep 13, 2025 4:59 am","Sep 13, 2025 4:59 am",""
"//2eb0cd16e008139946c2510a2de49dd6.cdn.bubble.io/f1758308989379x741076182611843300/Pitch-Immuned.pdf","1757097806635x825229211823243300","não","Immuned","Sep 19, 2025 4:10 pm","Sep 19, 2025 4:10 pm",""
"//2eb0cd16e008139946c2510a2de49dd6.cdn.bubble.io/f1758742172985x568613001613666100/Proposta%20Petribu.pdf , //2eb0cd16e008139946c2510a2de49dd6.cdn.bubble.io/f1758742868887x570964580305040060/ANEXO-%20Impacto%20Financeiro%20Bra%C3%A7o%20Forte.pdf","1758318551273x614387356267446300","não","Braço Forte Concierge","Sep 24, 2025 4:41 pm","Sep 24, 2025 4:41 pm",""
"//2eb0cd16e008139946c2510a2de49dd6.cdn.bubble.io/f1759174954736x792539084659311900/SIDAP%20-%20Sistema%20Inteligente%20de%20Detec%C3%A7%C3%A3o%20de%20Anomalias%20para%20Preven%C3%A7%C3%A3o.pdf","1758318551273x614387356267446300","não","Pegasus Technology","Sep 29, 2025 4:42 pm","Sep 29, 2025 4:42 pm",""
"//2eb0cd16e008139946c2510a2de49dd6.cdn.bubble.io/f1759174954736x792539084659311900/SIDAP%20-%20Sistema%20Inteligente%20de%20Detec%C3%A7%C3%A3o%20de%20Anomalias%20para%20Preven%C3%A7%C3%A3o.pdf","1758318551273x614387356267446300","não","Pegasus Technology","Sep 29, 2025 4:44 pm","Sep 29, 2025 4:44 pm",""
"","1758318551273x614387356267446300","não","KeyCore Tech Hub","Oct 3, 2025 2:52 pm","Oct 3, 2025 2:52 pm",""
"","1762279000179x559178544360194050","não","Diná Treinamentos","Nov 4, 2025 3:48 pm","Nov 4, 2025 3:48 pm",""
"","1762279000179x559178544360194050","não","Diná Treinamentos","Nov 4, 2025 3:48 pm","Nov 4, 2025 3:48 pm",""
"//2eb0cd16e008139946c2510a2de49dd6.cdn.bubble.io/f1762283629881x278433474466585730/Documento%20sem%20t%C3%ADtulo.pdf","1762279000179x559178544360194050","não","Diná Treinamentos","Nov 4, 2025 4:14 pm","Nov 4, 2025 4:14 pm",""
"//2eb0cd16e008139946c2510a2de49dd6.cdn.bubble.io/f1762283629881x278433474466585730/Documento%20sem%20t%C3%ADtulo.pdf","1762279000179x559178544360194050","não","Diná Treinamentos","Nov 4, 2025 4:14 pm","Nov 4, 2025 4:14 pm",""
"","1762279000179x559178544360194050","não","Future Ready Labs","Nov 4, 2025 4:55 pm","Nov 4, 2025 4:55 pm",""
"//2eb0cd16e008139946c2510a2de49dd6.cdn.bubble.io/f1762286315297x384472694877629800/Pitch%20CivicBot%20-%20Coreto.pdf","1762279000179x559178544360194050","não","Future Ready Labs","Nov 4, 2025 4:58 pm","Nov 4, 2025 4:58 pm",""
"//2eb0cd16e008139946c2510a2de49dd6.cdn.bubble.io/f1762286315297x384472694877629800/Pitch%20CivicBot%20-%20Coreto.pdf","1762279000179x559178544360194050","não","Future Ready Labs","Nov 4, 2025 4:59 pm","Nov 4, 2025 4:59 pm",""
"//2eb0cd16e008139946c2510a2de49dd6.cdn.bubble.io/f1762306732089x936364173496796400/Proposta_Petribu_StepScan_V1.docx%20%281%29.pdf","1758318551273x614387356267446300","não","Stepps","Nov 4, 2025 10:38 pm","Nov 4, 2025 10:38 pm",""
"","1762279000179x559178544360194050","não","","Nov 17, 2025 11:08 am","Nov 17, 2025 11:08 am",""
"","1762279000179x559178544360194050","não","","Nov 17, 2025 11:08 am","Nov 17, 2025 11:08 am",""
"","1762279000179x559178544360194050","não","","Nov 17, 2025 11:09 am","Nov 17, 2025 11:09 am",""
"","1762279000179x559178544360194050","não","","Nov 17, 2025 11:09 am","Nov 17, 2025 11:09 am",""
"//2eb0cd16e008139946c2510a2de49dd6.cdn.bubble.io/f1763389801727x161878537065329280/Gestor%20Legal%20%E2%80%93%20Intelig%C3%AAncia%20em%20Conformidade%20Empresarial.pdf","1762279000179x559178544360194050","não","Empresa Legal – Inteligência em Conformidade Empresarial","Nov 17, 2025 11:33 am","Nov 17, 2025 11:33 am",""
"","1762279000179x559178544360194050","não","Sinalize","Nov 17, 2025 12:08 pm","Nov 17, 2025 12:08 pm",""
"","1762279000179x559178544360194050","não","Beebip","Nov 17, 2025 1:15 pm","Nov 17, 2025 1:15 pm",""
"//2eb0cd16e008139946c2510a2de49dd6.cdn.bubble.io/f1763396511695x770084424531663600/PITCHDECK%20-%20PARKFINDER.pdf","1762279000179x559178544360194050","não","","Nov 17, 2025 1:22 pm","Nov 17, 2025 1:22 pm",""
"//2eb0cd16e008139946c2510a2de49dd6.cdn.bubble.io/f1763396703213x510315099525570940/PITCHDECK%20-%20PARKFINDER.pdf","1762279000179x559178544360194050","não","PARKFINDER","Nov 17, 2025 1:25 pm","Nov 17, 2025 1:25 pm",""
"//2eb0cd16e008139946c2510a2de49dd6.cdn.bubble.io/f1763404735068x203664218581095070/Dados%20de%20submiss%C3%A3o.pdf","1762279000179x559178544360194050","não"," ATIVUS DESENVOLVIMENTO DE SOFTWARES LTDA","Nov 17, 2025 3:39 pm","Nov 17, 2025 3:39 pm",""
"//2eb0cd16e008139946c2510a2de49dd6.cdn.bubble.io/f1763407244924x485648163640376450/PLIF%20-%20APRESENTA%C3%87%C3%83O%201.pdf","1762279000179x559178544360194050","não","","Nov 17, 2025 4:28 pm","Nov 17, 2025 4:28 pm",""
"","1762279000179x559178544360194050","não","Beebip","Nov 17, 2025 4:44 pm","Nov 17, 2025 4:44 pm",""
"","1762279000179x559178544360194050","não","Sinalize","Nov 17, 2025 5:23 pm","Nov 17, 2025 5:23 pm",""
"","1762279000179x559178544360194050","não","","Nov 17, 2025 6:01 pm","Nov 17, 2025 6:01 pm",""
"","1762279000179x559178544360194050","não","","Nov 17, 2025 6:02 pm","Nov 17, 2025 6:02 pm",""
"","1762279000179x559178544360194050","não","Rope Health","Nov 17, 2025 6:05 pm","Nov 17, 2025 6:05 pm",""
"","1762279000179x559178544360194050","não","","Nov 19, 2025 8:20 am","Nov 19, 2025 8:20 am",""
"","1762279000179x559178544360194050","não","Invision","Nov 19, 2025 8:48 am","Nov 19, 2025 8:48 am",""
"","1758318551273x614387356267446300","não","TCX CREATIVE SOLUTIONS S.A.","Nov 21, 2025 5:08 pm","Nov 21, 2025 5:08 pm",""
"//2eb0cd16e008139946c2510a2de49dd6.cdn.bubble.io/f1765735719127x897906555978376600/WhatsApp%20Image%202025-12-14%20at%2014.03.18.jpeg , //2eb0cd16e008139946c2510a2de49dd6.cdn.bubble.io/f1765735797734x241009139224547700/Revista%20com%20meu%20nome.PDF","1762279000179x559178544360194050","não","Capaz EduTech","Dec 14, 2025 3:10 pm","Dec 14, 2025 3:10 pm",""
"//2eb0cd16e008139946c2510a2de49dd6.cdn.bubble.io/f1765735719127x897906555978376600/WhatsApp%20Image%202025-12-14%20at%2014.03.18.jpeg , //2eb0cd16e008139946c2510a2de49dd6.cdn.bubble.io/f1765735797734x241009139224547700/Revista%20com%20meu%20nome.PDF","1762279000179x559178544360194050","não","Capaz EduTech","Dec 14, 2025 3:10 pm","Dec 14, 2025 3:10 pm",""
"","1762279000179x559178544360194050","não","Capaz EduTech","Dec 14, 2025 4:05 pm","Dec 14, 2025 4:05 pm",""
"","1762279000179x559178544360194050","não","Capaz EduTech","Dec 14, 2025 8:27 pm","Dec 14, 2025 8:27 pm",""
"","1762279000179x559178544360194050","não","Capaz EduTech","Dec 14, 2025 8:27 pm","Dec 14, 2025 8:27 pm",""
"//2eb0cd16e008139946c2510a2de49dd6.cdn.bubble.io/f1765756022724x628032373728549400/Revista%20com%20meu%20nome.PDF , //2eb0cd16e008139946c2510a2de49dd6.cdn.bubble.io/f1765756071380x287027124782249340/WhatsApp%20Image%202025-12-14%20at%2014.03.18.jpeg","1762279000179x559178544360194050","não","Capaz EduTech","Dec 14, 2025 8:48 pm","Dec 14, 2025 8:48 pm",""
"","1778268920291x576563319948705800","não","","May 14, 2026 7:01 am","May 14, 2026 7:01 am",""
"//2eb0cd16e008139946c2510a2de49dd6.cdn.bubble.io/f1778752887938x586419247117380400/Edital_Inovacao_Aberta_sinduscombustivel_001_2026.docx.pdf","1778268920291x576563319948705800","não","Grite ","May 14, 2026 7:03 am","May 14, 2026 7:03 am",""
"//2eb0cd16e008139946c2510a2de49dd6.cdn.bubble.io/f1778755516937x417475969511305700/Desafio%20Inova%C3%A7%C3%A3o%20Tecnol%C3%B3gica_20260514_071901_0000.jpg","1778268920291x576563319948705800","não","teste","May 14, 2026 7:45 am","May 14, 2026 7:45 am",""
"//2eb0cd16e008139946c2510a2de49dd6.cdn.bubble.io/f1779533244644x964831643676558200/%5BFRL%5D%20Or%C3%A7amento.xlsx , //2eb0cd16e008139946c2510a2de49dd6.cdn.bubble.io/f1779533245071x267085142466183600/%5BFRL%5D%20Certid%C3%B5es.pdf , //2eb0cd16e008139946c2510a2de49dd6.cdn.bubble.io/f1779533245878x900887532444045800/%5BFRL%5DCNPJ%20e%20Cert%20Inova%20Simples%20%281%29.pdf , //2eb0cd16e008139946c2510a2de49dd6.cdn.bubble.io/f1779533247353x368834509787633100/%5BFRL%5DProposta%20Mapa%20de%20Postos%20%281%29.docx","1778268920291x576563319948705800","não","Future Ready Labs","May 23, 2026 7:56 am","May 23, 2026 7:56 am",""
"//2eb0cd16e008139946c2510a2de49dd6.cdn.bubble.io/f1779533244644x964831643676558200/%5BFRL%5D%20Or%C3%A7amento.xlsx , //2eb0cd16e008139946c2510a2de49dd6.cdn.bubble.io/f1779533245071x267085142466183600/%5BFRL%5D%20Certid%C3%B5es.pdf , //2eb0cd16e008139946c2510a2de49dd6.cdn.bubble.io/f1779533245878x900887532444045800/%5BFRL%5DCNPJ%20e%20Cert%20Inova%20Simples%20%281%29.pdf , //2eb0cd16e008139946c2510a2de49dd6.cdn.bubble.io/f1779533247353x368834509787633100/%5BFRL%5DProposta%20Mapa%20de%20Postos%20%281%29.docx","1778268920291x576563319948705800","não","Future Ready Labs","May 23, 2026 7:57 am","May 23, 2026 7:57 am",""
"//2eb0cd16e008139946c2510a2de49dd6.cdn.bubble.io/f1779533244644x964831643676558200/%5BFRL%5D%20Or%C3%A7amento.xlsx , //2eb0cd16e008139946c2510a2de49dd6.cdn.bubble.io/f1779533245071x267085142466183600/%5BFRL%5D%20Certid%C3%B5es.pdf , //2eb0cd16e008139946c2510a2de49dd6.cdn.bubble.io/f1779533245878x900887532444045800/%5BFRL%5DCNPJ%20e%20Cert%20Inova%20Simples%20%281%29.pdf , //2eb0cd16e008139946c2510a2de49dd6.cdn.bubble.io/f1779533247353x368834509787633100/%5BFRL%5DProposta%20Mapa%20de%20Postos%20%281%29.docx","1778268920291x576563319948705800","não","Future Ready Labs","May 23, 2026 7:57 am","May 23, 2026 7:57 am",""
