"é universitario?","areas de atuação","atuação","autoriza_o_uso_de_dados","cidade","cpf","curso"
"sim","","","sim","sda","55555555555",""
"sim","","","sim","Recife","12010239102","computação"
"sim","","","sim","CARPINA","15294887452","Sistema de informação "
"sim","","","sim","CARPINA","15294887452","Sistema de informação "
"sim","","","sim","CARPINA","15294887452","Sistema de informação "
"sim","","","sim","CARPINA","15294887452","Sistema de informação "
"sim","","","sim","Recife","08750772341","Ciência da Computação"
"sim","","","sim","Recife","13590727489","Analise e Desenvolvimento de Sistemas"
"sim","","","sim","Paulista","71000538460","Ciências Econômicas "
"sim","","","sim","Paulista","71000538460","Ciências Econômicas "
"sim","","","sim","Paulista","71000538460","Ciências Econômicas "
"sim","","","sim","CAMARAGIBE","13234466483","Análise e desenvolvimento de sistemas"
"sim","","","sim","Paulista","71000538460","Ciências Econômicas "
"sim","","","sim","Paulista","71000538460","Ciências Econômicas "
"sim","","","sim","CAMARAGIBE","13234466483","Análise e desenvolvimento de sistemas"
"sim","","","sim","Paulista","71000538460","Ciências Econômicas "
"sim","","","sim","Paulista","71000538460","Ciências Econômicas "
"sim","","","sim","Paulista","71000538460","Ciências Econômicas "
"sim","","","sim","Paulista","71000538460","Ciências Econômicas "
"sim","","","sim","Paulista","71000538460","Ciências Econômicas "
"não","","","sim","Igarassu","06803396479",""
"não","","","sim","Igarassu","06803396479",""
"sim","","","sim","Recife","01503274470","Economia"
"sim","","","sim","Recife","01503274470","Economia"
"sim","","","sim","Recife","01503274470","Economia"
"sim","","","sim","Recife ","66626595415","Medicina / Licenciatura em Ciência da Computação "
"sim","","","sim","Recife ","66626595415","Medicina / Licenciatura em Ciência da Computação "
"sim","","","sim","Recife ","66626595415","Medicina / Licenciatura em Ciência da Computação "
"não","","","sim","Recife","03410044485",""
"não","","","sim","Recife","03410044485",""
"sim","","","sim","Paulista","12209928443","ADS"
"sim","","","sim","Paulista","12209928443","ADS"
"sim","","","sim","Paulista","12209928443","ADS"
"sim","","","sim","Paulista","12209928443","ADS"
"sim","","","sim","Paulista","12209928443","ADS"
"sim","","","sim","Recife","71754143407","Sistema de informação "
"não","","","sim","Recife","0016813374","MESTRADO EM GERONTOLOGIA"
"sim","","","sim","Recife","71571898441",""
"sim","","","sim","Recife","71571898441",""
"sim","","","sim","Recife","71571898441",""
"sim","","","sim","Recife","71571898441",""
"sim","","","sim","Recife","71571898441",""
"sim","","","sim","Recife","71571898441",""
"sim","","","sim","Recife","71571898441",""
"sim","","","sim","Recife","71571898441",""
"sim","","","sim","Recife","71571898441",""
"sim","","","sim","Recife","71571898441",""
"sim","","","sim","Recife","71571898441",""
"sim","","","sim","Carpina","11299553460","Sistemas de Informação"
"sim","","","sim","Recife ","13720367410","Sistemas de Informação "
"sim","","","sim","Recife ","13720367410","Sistemas de Informação "
"sim","","","sim","Recife ","13720367410","Sistemas de Informação "
"sim","","","sim","Recife ","13720367410","Sistemas de Informação "
"sim","","","sim","Recife ","13720367410","Sistemas de Informação "
"sim","","","sim","Recife ","13720367410","Sistemas de Informação "
"sim","","","sim","Recife ","13720367410","Sistemas de Informação "
"sim","","","sim","Recife ","13720367410","Sistemas de Informação "
"sim","","","sim","Paulista","71000538460","Cie Econômicas "
"sim","","","sim","Recife","13686507404","Sistemas de Informação"
"sim","","","sim","Recife","13686507404","Sistemas de Informação"
"sim","","","sim","Recife","13686507404","Sistemas de Informação"
"sim","","","sim","Recife","10813678498","teste"
"sim","","","sim","Recife","14422473476","Sistemas de Informação"
"sim","","","sim","Recife","1227284446","Sistemas para internet"
"sim","","","sim","Recife","1227284446","Sistemas para internet"
"sim","","","sim","Recife","13590727489","Analise e Desenvolvimento de Sistemas"
"sim","","","sim","jaboatão dos guararapes","14056481474","si"
"sim","","","sim","jaboatão dos guararapes","14056481474","si"
"sim","","","sim","Recife","1067892842","Estatística"
"sim","","","sim","Recife","1067892842","Estatística"
"sim","","","sim","Recife","10337215499","Analise e desenvolvimento de sistemas"
"sim","","","sim","Recife","71675093458","Medicina"
"sim","","","sim","Recife","10250922444",""
"sim","","","sim","Recife","71675093458","Medicina"
"sim","","","sim","Recife","08656518410","Ciência da Computação"
"sim","","","sim","Recife","71310342407","Ciência da computação "
"sim","","","sim","Recife","71310342407","Ciência da computação "
"sim","","","sim","Recife","14412995488","Ciência Da Computação"
"sim","","","sim","Recife","11804810460","Ciências da computação"
"sim","","","sim","Recife ","71578367425","Ciência da Computação "
"sim","","","sim","Recife ","71578367425","Ciência da Computação "
"sim","","","sim","Recife ","71578367425","Ciência da Computação "
"sim","","","sim","Recife ","71578367425","Ciência da Computação "
"sim","","","sim","Recife ","71578367425","Ciência da Computação "
"sim","","","sim","Recife ","71578367425","Ciência da Computação "
"sim","","","sim","Recife ","71578367425","Ciência da Computação "
"sim","","","sim","Recife ","71578367425","Ciência da Computação "
"sim","","","sim","Recife ","71578367425","Ciência da Computação "
"sim","","","sim","Recife ","71578367425","Ciência da Computação "
"sim","","","sim","Recife ","71578367425","Ciência da Computação "
"sim","","","sim","Recife ","71578367425","Ciência da Computação "
"sim","","","sim","Recife ","71578367425","Ciência da Computação "
"sim","","","sim","Recife ","71578367425","Ciência da Computação "
"sim","","","sim","Recife ","71578367425","Ciência da Computação "
"sim","","","sim","Recife ","71578367425","Ciência da Computação "
"sim","","","sim","Recife","14178064436","Computação"
"sim","","","sim","Recife","14178064436","Computação"
"sim","","","sim","Recife","14178064436","Computação"
"sim","","","sim","Recife","10533086477","Análise e Desenvolvimento de Sistemas "
"sim","","","sim","Recife","10533086477","Análise e Desenvolvimento de Sistemas "
"sim","","","sim","Recife","13813291448","SISTEMAS PARA INTERNET"
"sim","","","sim","Recife","13813291448","SISTEMAS PARA INTERNET"
"sim","","","sim","Recife","05852022497","Análise e desenvolvimento de sistemas "
"sim","","","sim","Recife","05852022497","Análise e desenvolvimento de sistemas "
"sim","","","sim","Recife","16751996470","Ciência da Computação "
"sim","","","sim","Recife","16751996470","Ciência da Computação "
"sim","","","sim","Recife","16751996470","Ciência da Computação "
"sim","","","sim","Recife","16751996470","Ciência da Computação "
"sim","","","sim","Recife","16751996470","Ciência da Computação "
"sim","","","sim","Recife","70377476455","Sistemas de informação"
"sim","","","sim","Recife","70377476455","Sistemas de informação"
"sim","","","sim","Recife","70377476455","Sistemas de informação"
"sim","","","sim","Recife","70377476455","Sistemas de informação"
"sim","","","sim","Recife","70377476455","Sistemas de informação"
"sim","","","sim","Recife","70377476455","Sistemas de informação"
"sim","","","sim","Recife","13194903446","Big Data e Inteligência Analítica"
"sim","","","sim","Recife","13194903446","Big Data e Inteligência Analítica"
"sim","","","sim","Recife","13194903446","Big Data e Inteligência Analítica"
"sim","","","sim","Recife","71654829463","ADS"
"sim","","","sim","Recife","71654829463","ADS"
"sim","","","sim","Recife","71654829463","ADS"
"sim","","","sim","Recife","71654829463","ADS"
"sim","","","sim","Recife","71654829463","ADS"
"sim","","","sim","Recife","16751996470","Ciência da Computação "
"sim","","","sim","Recife","16751996470","Ciência da Computação "
"sim","","","sim","Recife","16751996470","Ciência da Computação "
"sim","","","sim","Recife","16751996470","Ciência da Computação "
"sim","","","sim","Recife","16751996470","Ciência da Computação "
"sim","","","sim","Carpina","14848672465","Ciência da Computação "
"sim","","","sim","Carpina","14848672465","Ciência da Computação "
"sim","","","sim","Carpina","14848672465","Ciência da Computação "
"sim","","","sim","Carpina","14848672465","Ciência da Computação "
"não","","","sim","Recife","71648237401","T.I"
"não","","","sim","Recife","71648237401","T.I"
"não","","","sim","Recife","71648237401","T.I"
"não","","","sim","Recife","71648237401","T.I"
"não","","","sim","Recife","71648237401","T.I"
"sim","","","sim","Recife","13585299490","ADS"
"sim","","","sim","Recife","13585299490","ADS"
"sim","","","sim","Olinda","71209558459","Tecnologia da informação"
"não","","","sim","Recife ","71254645489","Dev Front-end"
"sim","","","sim","Recife","71273776429","Análise e Desenvolvimento de Sistemas"
"sim","","","sim","Olinda","10980467497","Análise e Desenvolvimento de Sistemas"
"sim","","","sim","Olinda","10980467497","Análise e Desenvolvimento de Sistemas"
"sim","","","sim","Recife","71251267408","Design"
"sim","","","sim","Recife","71251267408","Design"
"sim","","","sim","Recife","11800827458","Ciência da Computação "
"sim","","","sim","Recife","11800827458","Ciência da Computação "
"sim","","","sim","Recife","11800827458","Ciência da Computação "
"sim","","","sim","Recife","11800827458","Ciência da Computação "
"sim","","","sim","Recife","11800827458","Ciência da Computação "
"sim","","","sim","Recife","11800827458","Ciência da Computação "
"sim","","","sim","Recife ","70661814416","Análise e desenvolvimento de sistemas "
"sim","","","sim","Olinda","10980467497","Análise e Desenvolvimento de Sistemas"
"sim","","","sim","Recife","71177910470","Análise e Desenvolvimento de Sistemas"
"não","","","sim","Rio de Janeiro","09941368708",""
"sim","","","sim","Recife","12453353403","Ciências da computação "
"sim","","","sim","Recife","12453353403","Ciências da computação "
"sim","","","sim","Recife","12453353403","Ciências da computação "
"sim","","","sim","Paulista ","07944732450","Sistemas de informação "
"sim","","","sim","Paulista ","07944732450","Sistemas de informação "
"não","","","sim","Recife","10230473490","Sistemas de informação "
"não","","","sim","Recife","10230473490","Sistemas de informação "
"não","","","sim","Recife","10230473490","Sistemas de informação "
"não","","","sim","Recife","10230473490","Sistemas de informação "
"não","","","sim","Recife","10230473490","Sistemas de informação "
"não","","","sim","Recife","10230473490","Sistemas de informação "
"não","","","sim","Recife","10230473490","Sistemas de informação "
"não","","","sim","Recife","10230473490","Sistemas de informação "
"não","","","sim","Recife","10230473490","Sistemas de informação "
"não","","","sim","Recife","10230473490","Sistemas de informação "
"não","","","sim","Recife","10230473490","Sistemas de informação "
"não","","","sim","Recife","12408731402","Programação"
"não","","","sim","Recife","12408731402","Programação"
"não","","","sim","Recife","12408731402","Programação"
"não","","","sim","Recife","12408731402","Programação"
"sim","","","sim","Recife","13557941450","Ciência da Computação"
"sim","","","sim","Recife","13557941450","Ciência da Computação"
"sim","","","sim","Recife","13557941450","Ciência da Computação"
"sim","","","sim","Recife","13557941450","Ciência da Computação"
"sim","","","sim","Recife","13557941450","Ciência da Computação"
"sim","","","sim","Recife","13557941450","Ciência da Computação"
"sim","","","sim","Recife","13557941450","Ciência da Computação"
"sim","","","sim","Recife","13557941450","Ciência da Computação"
"sim","","","sim","Recife","13557941450","Ciência da Computação"
"sim","","","sim","Recife","13557941450","Ciência da Computação"
"não","","","sim","recife","15439487409","Engenharia de software"
"não","","","sim","recife","15439487409","Engenharia de software"
"não","","","sim","recife","15439487409","Engenharia de software"
"não","","","sim","Recife","71652397400",""
"não","","","sim","Recife","71652397400",""
"não","","","sim","Recife","71652397400",""
"não","","","sim","Recife","71652397400",""
"não","","","sim","Recife","71652397400",""
"não","","","sim","Recife","71652397400",""
"não","","","sim","Recife","71652397400",""
"não","","","sim","Recife","71652397400",""
"não","","","sim","Recife","71652397400",""
"não","","","sim","Recife","71652397400",""
"não","","","sim","Recife","71652397400",""
"sim","","","sim","Recife","06104389210","Sistemas Para Internet "
"sim","","","sim","Recife","12667671422","Análise e Desenvolvimento de Sistemas"
"sim","","","sim","Recife","12667671422","Análise e Desenvolvimento de Sistemas"
"sim","","","sim","Recife ","10822791455","Analista e Desenvolvimento de Sistemas "
"sim","","","sim","Recife","10751646482","Analise e Desenvolvimento de Sistemas"
"sim","","","sim","Recife","02802464396","Projetos e Produtos Digitais"
"sim","","","sim","Recife","02802464396","Projetos e Produtos Digitais"
"sim","","","sim","Recife","02802464396","Projetos e Produtos Digitais"
"sim","","","sim","Recife","02802464396","Projetos e Produtos Digitais"
"sim","","","sim","Recife","02802464396","Projetos e Produtos Digitais"
"sim","","","sim","Recife","11455557480","Ciências da Computação"
"sim","","","sim","RECIFE","70404098444","Análise e desenvolvimento de sistemas "
"sim","","","sim","RECIFE","70404098444","Análise e desenvolvimento de sistemas "
"sim","","","sim","RECIFE","70404098444","Análise e desenvolvimento de sistemas "
"sim","","","sim","RECIFE","70404098444","Análise e desenvolvimento de sistemas "
"sim","","","sim","RECIFE","70404098444","Análise e desenvolvimento de sistemas "
"sim","","","sim","RECIFE","70404098444","Análise e desenvolvimento de sistemas "
"sim","","","sim","RECIFE","70404098444","Análise e desenvolvimento de sistemas "
"sim","","","sim","RECIFE","70404098444","Análise e desenvolvimento de sistemas "
"sim","","","sim","RECIFE","70404098444","Análise e desenvolvimento de sistemas "
"sim","","","sim","RECIFE","70404098444","Análise e desenvolvimento de sistemas "
"sim","","","sim","RECIFE","70404098444","Análise e desenvolvimento de sistemas "
"sim","","","sim","RECIFE","70404098444","Análise e desenvolvimento de sistemas "
"sim","","","sim","RECIFE","70404098444","Análise e desenvolvimento de sistemas "
"sim","","","sim","RECIFE","70404098444","Análise e desenvolvimento de sistemas "
"sim","","","sim","RECIFE","70404098444","Análise e desenvolvimento de sistemas "
"sim","","","sim","RECIFE","70404098444","Análise e desenvolvimento de sistemas "
"sim","","","sim","RECIFE","70404098444","Análise e desenvolvimento de sistemas "
"sim","","","sim","RECIFE","70404098444","Análise e desenvolvimento de sistemas "
"sim","","","sim","RECIFE","70404098444","Análise e desenvolvimento de sistemas "
"sim","","","sim","RECIFE","70404098444","Análise e desenvolvimento de sistemas "
"sim","","","sim","RECIFE","70404098444","Análise e desenvolvimento de sistemas "
"sim","","","sim","RECIFE","70404098444","Análise e desenvolvimento de sistemas "
"sim","","","sim","RECIFE","70404098444","Análise e desenvolvimento de sistemas "
"sim","","","sim","RECIFE","70404098444","Análise e desenvolvimento de sistemas "
"sim","","","sim","RECIFE","70404098444","Análise e desenvolvimento de sistemas "
"sim","","","sim","RECIFE","70404098444","Análise e desenvolvimento de sistemas "
"sim","","","sim","RECIFE","70404098444","Análise e desenvolvimento de sistemas "
"sim","","","sim","RECIFE","70404098444","Análise e desenvolvimento de sistemas "
"sim","","","sim","Recife","71611225469","Sistemas de Informação"
"sim","","","sim","Camaragibe","12178538479","Análise e Desenvolvimento de Sistemas"
"sim","","","sim","Camaragibe","12178538479","Análise e Desenvolvimento de Sistemas"
"não","","","sim","Recife","10969549407",""
"sim","","","sim","Recife","71251267408","Bacharelado em Design"
"sim","","","sim","Recife","71251267408","Bacharelado em Design"
"sim","","","sim","Pernambuco, Recife","14326430451","Ciências da computação "
"sim","","","sim","Pernambuco, Recife","14326430451","Ciências da computação "
"sim","","","sim","Branca","13226867423","Análise e Desenvolvimento de Sistemas"
"sim","","","sim","Branca","13226867423","Análise e Desenvolvimento de Sistemas"
"sim","","","sim","Recife","70886782414","Ciência de Dados"
"sim","","","sim","Recife","08274078586","Ciências da computação"
"sim","","","sim","Recife","70477250408","Sistemas para internet"
"sim","","","sim","Recife","70477250408","Sistemas para internet"
"sim","","","sim","Recife","70477250408","Sistemas para internet"
"não","","","sim","Jaboatão ","05549052482",""
"não","","","sim","Jaboatão ","05549052482",""
"não","","","sim","Jaboatão ","05549052482",""
"não","","","sim","Jaboatão ","05549052482",""
"não","","","sim","Jaboatão ","05549052482",""
"sim","","","sim","Recife","71606805452","Sistemas para Internet"
"sim","","","sim","Recife","71606805452","Sistemas para Internet"
"sim","","","sim","Recife","70881688479","Sistemas para Internet "
"sim","","","sim","Recife","70881688479","Sistemas para Internet "
"sim","","","sim","Recife","11997496488","Sistemas para Internet"
"sim","","","sim","Recife","71606805452","Sistemas para Internet"
"sim","","","sim","Recife","70407157409",""
"sim","","","sim","Recife","70407157409",""
"sim","","","sim","Recufe","71535746467","Sistemas de Informação "
"sim","","","sim","Recufe","71535746467","Sistemas de Informação "
"sim","","","sim","Recufe","71535746467","Sistemas de Informação "
"sim","","","sim","Recufe","71535746467","Sistemas de Informação "
"não","","","sim","recife","08831376403","Sistemas para Internet"
"sim","","","sim","Recife","03105879218","Sistemas de Informação"
"sim","","","sim","Recife","08603822492","ADS - Análise e Desenvolvimento de Sistemas "
"sim","","","sim","Recife","08603822492","ADS - Análise e Desenvolvimento de Sistemas "
"sim","","","sim","RECIFE","11395297495","Mestrado em Ciência da Informação"
"sim","","","sim","Recife","70414896475","Design"
"sim","","","sim","Recife","70414896475","Design"
"sim","","","sim","Recife","71559367407","Analise e Desenvolvimento de Sistemas"
"sim","","","sim","Recife","71559367407","Analise e Desenvolvimento de Sistemas"
"sim","","","sim","Camaragibe","70538321474","Licenciatura em Computação"
"sim","","","sim","Olinda","13482508445",""
"sim","","","sim","recife ","71401127460","Ciência da computação"
"sim","","","sim","recife ","71401127460","Ciência da computação"
"sim","","","sim","recife ","71401127460","Ciência da computação"
"sim","","","sim","Olinda","13952209481","Sistema de Informação "
"sim","","","sim","Olinda","13952209481","Sistema de Informação "
"sim","","","sim","Recife","71422809480","Engenharia ambiental "
"sim","","","sim","Recife","71422809480","Engenharia ambiental "
"sim","","","sim","Recife","71422809480","Engenharia ambiental "
"sim","","","sim","Recife","71422809480","Engenharia ambiental "
"sim","","","sim","Recife","71422809480","Engenharia ambiental "
"sim","","","sim","Recife","71422809480","Engenharia ambiental "
"sim","","","sim","Recife","71422809480","Engenharia ambiental "
"sim","","","sim","Recife","71422809480","Engenharia ambiental "
"sim","","","sim","Recife","10048213446","Tecnológico em Banco de dados"
"sim","","","sim","Recife","12351153480","Análise e Desenvolvimento de sistemas "
"sim","","","sim","Recife","12351153480","Análise e Desenvolvimento de sistemas "
"sim","","","sim","Recife","12351153480","Análise e Desenvolvimento de sistemas "
"sim","","","sim","Recife","12351153480","Análise e Desenvolvimento de sistemas "
"sim","","","sim","Recife","12351153480","Análise e Desenvolvimento de sistemas "
"sim","","","sim","Recife","12351153480","Análise e Desenvolvimento de sistemas "
"sim","","","sim","Recife ","12351153480","Análise e Desenvolvimento de Sistemas "
"sim","","","sim","Recife ","12351153480","Análise e Desenvolvimento de Sistemas "
"sim","","","sim","Recife","10758295421",""
"sim","","","sim","Recife","10758295421",""
"sim","","","sim","Recife","10758295421",""
"sim","","","sim","Recife","10758295421",""
"sim","","","sim","Camaragibe","12681727405","Análise e Desenvolvimento De Sistemas"
"sim","","","sim","Camaragibe","12681727405","Análise e Desenvolvimento De Sistemas"
"sim","","","sim","Jaboatão dos Guararapes","70280067437","Analise e Desenvolvimento de Sistema"
"sim","","","sim","Jaboatão dos Guararapes","70280067437","Analise e Desenvolvimento de Sistema"
"sim","","","sim","Jaboatão dos Guararapes","70280067437","Analise e Desenvolvimento de Sistema"
"sim","","","sim","Jaboatão dos Guararapes","70280067437","Analise e Desenvolvimento de Sistema"
"sim","","","sim","Recife","70814269486","Sistemas para Internet"
"sim","","","sim","Recife","12937362443","Analise e Desenvolvimento de Sistemas"
"sim","","","sim","Recife","12937362443","Analise e Desenvolvimento de Sistemas"
"sim","","","sim","Recife","12937362443","Analise e Desenvolvimento de Sistemas"
"sim","","","sim","Recife","12937362443","Analise e Desenvolvimento de Sistemas"
"sim","","","sim","Recife","71422809480","Engenharia Ambiental"
"sim","","","sim","Recife","71422809480","Engenharia Ambiental"
"sim","","","sim","Recife","09054129409","Sistemas de informação "
"sim","","","sim","Recife","71422809480","Engenharia Ambiental"
"sim","","","sim","Olinda","01540943402","Design"
"sim","","","sim","Olinda","01540943402","Design"
"sim","","","sim","Olinda","01540943402","Design"
"sim","","","sim","recife","123073394","Gestão de tecnologia da informação"
"sim","","","sim","Recife","10034624481","Análise e Desenvolvimento de Sistemas l"
"sim","","","sim","Recife","10034624481","Análise e Desenvolvimento de Sistemas l"
"sim","","","sim","Recife","10034624481","Análise e Desenvolvimento de Sistemas l"
"sim","","","sim","Recife","10034624481","Análise e Desenvolvimento de Sistemas l"
"sim","","","sim","Recife","10034624481","Análise e Desenvolvimento de Sistemas l"
"sim","","","sim","Recife","10034624481","Análise e Desenvolvimento de Sistemas l"
"sim","","","sim","Recife","10034624481","Análise e Desenvolvimento de Sistemas l"
"sim","","","sim","Recife","10034624481","Análise e Desenvolvimento de Sistemas l"
"sim","","","sim","Recife","10034624481","Análise e Desenvolvimento de Sistemas l"
"sim","","","sim","Recife","10034624481","Análise e Desenvolvimento de Sistemas l"
"sim","","","sim","Recife","70415989426","Analise e desenvolvimento de sistemas "
"sim","","","sim","Recife","70415989426","Analise e desenvolvimento de sistemas "
"não","","","sim","Recife ","10230131425",""
"não","","","sim","Recife ","10230131425",""
"sim","","","sim","Recife","10918819440","Ciência da Computação "
"sim","","","sim","Recife","10918819440","Ciência da Computação "
"sim","","","sim","Recife","14382787483","Análise e Desenvolvimento de Sistemas "
"sim","","","sim","Recife","14382787483","Análise e Desenvolvimento de Sistemas "
"sim","","","sim","Olinda","71271060450","ANALISE E DESENVOLVIMENTO DE SISTEMAS"
"sim","","","sim","Olinda","71271060450","ANALISE E DESENVOLVIMENTO DE SISTEMAS"
"sim","","","sim","Olinda","71271060450","ANALISE E DESENVOLVIMENTO DE SISTEMAS"
"sim","","","sim","Olinda","71271060450","ANALISE E DESENVOLVIMENTO DE SISTEMAS"
"sim","","","sim","Recife","09137200380","Análise e Desenvolvimento de Sistemas"
"não","","","sim","João pessoa ","71280533447",""
"sim","","","sim","Recife","07605268424","Design gráfico"
"sim","","","sim","recife","71097565483","engenharia da computação"
"sim","","","sim","Recife","13062864419","Sistemas de Informação"
"sim","","","sim","Recife","13062864419","Sistemas de Informação"
"sim","","","sim","Recife","13062864419","Sistemas de Informação"
"sim","","","sim","Recife","04145898230","Engenharia da computação"
"sim","","","sim","Recife","11856388492","Análise e Desenvolvimento de Sistemas"
"não","","","sim","Recife","11395276498","Medicina"
"sim","","","sim","Recife","70789765411","Sistemas de Informação "
"sim","","","sim","Recife","70789765411","Sistemas de Informação "
"sim","","","sim","Recife","70199100411","Sistemas de Informação"
"sim","","","sim","Recife","70199100411","Sistemas de Informação"
"sim","","","sim","Recife","70199100411","Sistemas de Informação"
"sim","","","sim","Recife","08746511407","Sistemas de Informação"
"sim","","","sim","Recife","11483686477","Sistemas de Informação"
"sim","","","sim","Recife","12688582429","Ciência da Computação"
"sim","","","sim","Recife","71416910492","ADS/Design "
"sim","","","sim","Recife","71416910492","ADS/Design "
"sim","","","sim","Recife","71416910492","ADS/Design "
"sim","","","sim","Recife","71416910492","ADS/Design "
"sim","","","sim","Recife","71416910492","ADS/Design "
"sim","","","sim","Recife","71416910492","ADS/Design "
"sim","","","sim","Recife","71416910492","ADS/Design "
"sim","","","sim","Recife","11842930400","Análise e Desenvolvimento de Sistemas"
"sim","","","sim","Recife ","12592329480","ADS "
"sim","","","sim","Recife ","12592329480","ADS "
"sim","","","sim","Recife ","12592329480","ADS "
"sim","","","sim","Recife","70411992406","Ciência da Computação"
"sim","","","sim","Recife","70411992406","Ciência da Computação"
"sim","","","sim","recife","14367848400","Ciências da Computação "
"sim","","","sim","recife","14367848400","Ciências da Computação "
"sim","","","sim","Recife","13091528456","Analise e Desenvolvimento de Sistemas"
"sim","","","sim","Recife","13091528456","Analise e Desenvolvimento de Sistemas"
"sim","","","sim","RECIFE","70443206430","CIÊNCIA DA COMPUTAÇÃO "
"sim","","","sim","Recife","71416910492","ADS/ Design "
"sim","","","sim","Recife","71416910492","ADS/ Design "
"sim","","","sim","Recife","71416910492","ADS/ Design "
"sim","","","sim","Recife","71416910492","ADS/ Design "
"sim","","","sim","Recife","71416910492","ADS/ Design "
"sim","","","sim","Recife","71416910492","ADS/ Design "
"sim","","","sim","Recife","71416910492","ADS/ Design "
"sim","","","sim","Recife","71416910492","ADS/ Design "
"sim","","","sim","Jaboatão dos Guararapes","10694999431","Análise e desenvolvimento de sistemas"
"sim","","","sim","Recife","71502349418","Analise e Desenvolvimento de Sistemas"
"sim","","","sim","Recife","08860273498","Ciência de dados"
"sim","","","sim","Recife","08860273498","Ciência de dados"
"sim","","","sim","Recife","08860273498","Ciência de dados"
"sim","","","sim","Recife","08860273498","Ciência de dados"
"sim","","","sim","Recife","08860273498","Ciência de dados"
"sim","","","sim","Recife","08860273498","Ciência de dados"
"sim","","","sim","recife","10324904460","analise e desenvolvimento de sistemas"
"sim","","","sim","OLINDA","11856869407","Sistemas de Informação"
"sim","","","sim","OLINDA","11856869407","Sistemas de Informação"
"sim","","","sim","Recife","02067564374","Digital security"
"sim","","","sim","Recife","02067564374","Digital security"
"sim","","","sim","Recife","02067564374","Digital security"
"sim","","","sim","Recife","02067564374","Digital security"
"sim","","","sim","Recife","02067564374","Digital security"
"sim","","","sim","Recife","14529725405","Sistemas para Internet"
"sim","","","sim","Recife","14529725405","Sistemas para Internet"
"sim","","","sim","Salvador","06378189544","Análise e Desenvolvimento de Sistemas"
"sim","","","sim","Salvador","06378189544","Análise e Desenvolvimento de Sistemas"
"sim","","","sim","Recife","14721730403",""
"sim","","","sim","Recife","14721730403",""
"sim","","","sim","RECIFE","70308449479","Ciências da Computação "
"sim","","","sim","RECIFE","70308449479","Ciências da Computação "
"sim","","","sim","RECIFE","70308449479","Ciências da Computação "
"sim","","","sim","RECIFE","70308449479","Ciências da Computação "
"sim","","","sim","RECIFE","70308449479","Ciências da Computação "
"sim","","","sim","RECIFE","70308449479","Ciências da Computação "
"sim","","","sim","recife","70456392440","Analise E Desenvolvimento De Sistemas"
"não","","","sim","Recife","13103339470","Multimídia "
"não","","","sim","Recife","13103339470","Multimídia "
"sim","","","sim","Recife","71416910492","ADS/ Design"
"sim","","","sim","Recife","70268546401","Análise e Desenvolvimento de Sistemas"
"sim","","","sim","Olinda","11675082464","Sistema de Informação"
"sim","","","sim","Recife","08921116400","Direito"
"sim","","","sim","Recife","08921116400","Direito"
"sim","","","sim","Recife","08921116400","Direito"
"sim","","","sim","Recife","10402488458","Sistemas de informação "
"sim","","","sim","Recife","10402488458","Sistemas de informação "
"sim","","","sim","Recife","10402488458","Sistemas de informação "
"sim","","","sim","Recife","10402488458","Sistemas de informação "
"sim","","","sim","Recife","10402488458","Sistemas de informação "
"sim","","","sim","Recife","10402488458","Sistemas de informação "
"sim","","","sim","Recife","71211140466","Pedagogia (UFPE) e Análise e desenvolvimento de sistemas (Cesar School)"
"sim","","","sim","Recife","71211140466","Pedagogia (UFPE) e Análise e desenvolvimento de sistemas (Cesar School)"
"sim","","","sim","Recife","71211140466","Pedagogia (UFPE) e Análise e desenvolvimento de sistemas (Cesar School)"
"sim","","","sim","Recife","70627139450","Sistemas de Informação"
"sim","","","sim","Recife","11574196405","Analise e Desenvolvimento de Sistemas"
"sim","","","sim","Recife","66626595415","Medica / Cursando Licenciatura em Ciencia da Computacao"
"sim","","","sim","Recife","14013779471","Publicidade e Propaganda"
"sim","","","sim","Recife","14013779471","Publicidade e Propaganda"
"sim","","","sim","Recife","12812740469","Análise e Desenvolvimento de Sistemas"
"sim","","","sim","Recife","12812740469","Análise e Desenvolvimento de Sistemas"
"sim","","","sim","Recife","16402591475","Analise e Desenvolvimento de Sistema"
"sim","","","sim","Recife","16402591475","Analise e Desenvolvimento de Sistema"
"sim","","","sim","Recife","06674517577","Ciência da Computação "
"sim","","","sim","Recife","06674517577","Ciência da Computação "
"sim","","","sim","Recife","06674517577","Ciência da Computação "
"sim","","","sim","Recife","06674517577","Ciência da Computação "
"sim","","","sim","Recife","05936579506","Ciência da Computação "
"sim","","","sim","Recife","13891913460","Engenharia da Computação "
"sim","","","sim","Recife","05936579506","Ciência da Computação "
"sim","","","sim","Recife","09863414441","Administração"
"sim","","","sim","Recife","70914403400","Ciência da Computação"
"sim","","","sim","Recife","71347467475","Engenharia da Computação"
"sim","","","sim","Recife ","14498361431","ANÁLISE E DESENVOLVIMENTO DE SISTEMAS "
"sim","","","sim","Recife ","14498361431","ANÁLISE E DESENVOLVIMENTO DE SISTEMAS "
"sim","","","sim","Recife","03782539133","Engenharia de Produção"
"sim","","","sim","Recife","03782539133","Engenharia de Produção"
"sim","","","sim","Recife","09863414441","Administração"
"sim","","","sim","Recife","09863414441","Administração"
"sim","","","sim","Recife","71031953400","Ciência da Computação "
"sim","","","sim","Recife","01421400405","Ciência da Computação "
"sim","","","sim","Recife","01421400405","Ciência da Computação "
"sim","","","sim","Recife","01421400405","Ciência da Computação "
"não","","","sim","Recife","09443729458",""
"não","","","sim","Recife","09443729458",""
"sim","","","sim","Itapissuma","81993266645","Engenharia de controle e automação "
"sim","","","sim","Itapissuma","81993266645","Engenharia de controle e automação "
"sim","","","sim","Itapissuma","81993266645","Engenharia de controle e automação "
"sim","","","sim","Itapissuma","81993266645","Engenharia de controle e automação "
"sim","","","sim","Itapissuma","81993266645","Engenharia de controle e automação "
"sim","","","sim","Itapissuma","81993266645","Engenharia de controle e automação "
"sim","","","sim","Itapissuma","81993266645","Engenharia de controle e automação "
"sim","","","sim","Itapissuma","81993266645","Engenharia de controle e automação "
"sim","","","sim","Itapissuma","81993266645","Engenharia de controle e automação "
"sim","","","sim","Recife","16441538407","Análise e desenvolvimento de sistemas "
"sim","","","sim","RECIFE","15092179406","Análise e desenvolvimento de sistemas "
"sim","","","sim","Recife","16441538407","Análise e desenvolvimento de sistemas "
"sim","","","sim","Recife","16441538407","Análise e desenvolvimento de sistemas "
"sim","","","sim","Recife","16441538407","Análise e desenvolvimento de sistemas "
"sim","","","sim","Recife","16441538407","Análise e desenvolvimento de sistemas "
"sim","","","sim","RECIFE","15092179406","Análise e desenvolvimento de sistemas "
"sim","","","sim","Recife","16441538407","Análise e desenvolvimento de sistemas "
"sim","","","sim","RECIFE","15092179406","Análise e desenvolvimento de sistemas "
"sim","","","sim","Recife","16441538407","Análise e desenvolvimento de sistemas "
"sim","","","sim","Recife","16441538407","Análise e desenvolvimento de sistemas "
"sim","","","sim","Recife","16441538407","Análise e desenvolvimento de sistemas "
"sim","","","sim","Recife","16441538407","Análise e desenvolvimento de sistemas "
"sim","","","sim","Recife","16441538407","Análise e desenvolvimento de sistemas "
"sim","","","sim","Recife","16441538407","Análise e desenvolvimento de sistemas "
"sim","","","sim","Recife","16441538407","Análise e desenvolvimento de sistemas "
"sim","","","sim","RECIFE","15092179406","Análise e desenvolvimento de sistemas "
"sim","","","sim","RECIFE","15092179406","Análise e desenvolvimento de sistemas "
"sim","","","sim","RECIFE","15092179406","Análise e desenvolvimento de sistemas "
"sim","","","sim","RECIFE","15092179406","Análise e desenvolvimento de sistemas "
"sim","","","sim","RECIFE","15092179406","Análise e desenvolvimento de sistemas "
"sim","","","sim","Recife","16441538407","Análise e desenvolvimento de sistemas "
"sim","","","sim","Olinda ","12230400460","Sistema de Informação "
"sim","","","sim","Olinda ","12230400460","Sistema de Informação "
"sim","","","sim","Olinda ","12230400460","Sistema de Informação "
"sim","","","sim","Olinda ","12230400460","Sistema de Informação "
"sim","","","sim","Olinda ","12230400460","Sistema de Informação "
"sim","","","sim","Olinda ","12230400460","Sistema de Informação "
"sim","","","sim","Olinda ","12230400460","Sistema de Informação "
"sim","","","sim","Olinda ","12230400460","Sistema de Informação "
"sim","","","sim","Olinda ","12230400460","Sistema de Informação "
"sim","","","sim","Olinda ","12230400460","Sistema de Informação "
"sim","","","sim","Recife","00499409299","Sistemas da Informação"
"sim","","","sim","Recife","06285645469","Ciência da computação "
"sim","","","sim","Recife","06285645469","Ciência da computação "
"sim","","","sim","JABOATÃO DOS GUARARAPES","09643340486",""
"sim","","","sim","JABOATÃO DOS GUARARAPES","09643340486",""
"sim","","","sim","Paulista","13842844433","Data Science"
"sim","","","sim","Paulista","13842844433","Data Science"
"sim","","","sim","Paulista","13842844433","Data Science"
"sim","","","sim","Paulista","13842844433","Data Science"
"sim","","","sim","Paulista","13842844433","Data Science"
"sim","","","sim","Paulista","13842844433","Data Science"
"sim","","","sim","Paulista","13842844433","Data Science"
"sim","","","sim","Paulista","13842844433","Data Science"
"sim","","","sim","Paulista","13842844433","Data Science"
"sim","","","sim","Recife","17739348724","Sistemas de Informação"
"sim","","","sim","Recife","17739348724","Sistemas de Informação"
"sim","","","sim","Recife","17739348724","Sistemas de Informação"
"sim","","","sim","Recife","17739348724","Sistemas de Informação"
"sim","","","sim","Recife","12199815404","Sistemas de informação "
"sim","","","sim","Recife","12199815404","Sistemas de informação "
"sim","","","sim","Recide ","11575532492","Bacharelado Sistemas de informação "
"sim","","","sim","Recide ","11575532492","Bacharelado Sistemas de informação "
"sim","","","sim","Recide ","11575532492","Bacharelado Sistemas de informação "
"sim","","","sim","Recide ","11575532492","Bacharelado Sistemas de informação "
"sim","","","sim","Recide ","11575532492","Bacharelado Sistemas de informação "
"sim","","","sim","Recide ","11575532492","Bacharelado Sistemas de informação "
"sim","","","sim","Recide ","11575532492","Bacharelado Sistemas de informação "
"sim","","","sim","Recide ","11575532492","Bacharelado Sistemas de informação "
"sim","","","sim","Recide ","11575532492","Bacharelado Sistemas de informação "
"sim","","","sim","Recide ","11575532492","Bacharelado Sistemas de informação "
"sim","","","sim","Recide ","11575532492","Bacharelado Sistemas de informação "
"sim","","","sim","Recide ","11575532492","Bacharelado Sistemas de informação "
"sim","","","sim","Recide ","11575532492","Bacharelado Sistemas de informação "
"sim","","","sim","Recide ","11575532492","Bacharelado Sistemas de informação "
"sim","","","sim","Recide ","11575532492","Bacharelado Sistemas de informação "
"sim","","","sim","Recife","13310028429","Bachelado em Sistemas de Informação"
"sim","","","sim","RECIFE","13959666489","Bacharelado em Sistemas de Informação "
"sim","","","sim","RECIFE","13959666489","Bacharelado em Sistemas de Informação "
"sim","","","sim","RECIFE","13959666489","Bacharelado em Sistemas de Informação "
"sim","","","sim","RECIFE","13959666489","Bacharelado em Sistemas de Informação "
"sim","","","sim","Paulista, Pernambuco, Brasil","13489807456","Analise e Desenvolvimento de Sistemas"
"sim","","","sim","São Lourenço da Mata","03387899440","Psicologia "
"sim","","","sim","São Lourenço da Mata","03387899440","Psicologia "
"sim","","","sim","São Lourenço da Mata","03387899440","Psicologia "
"sim","","","sim","São Lourenço da Mata","03387899440","Psicologia "
"sim","","","sim","São Lourenço da Mata","03387899440","Psicologia "
"sim","","","sim","São Lourenço da Mata","03387899440","Psicologia "
"sim","","","sim","São Lourenço da Mata","03387899440","Psicologia "
"sim","","","sim","São Lourenço da Mata","03387899440","Psicologia "
"sim","","","sim","São Lourenço da Mata","03387899440","Psicologia "
"sim","","","sim","São Lourenço da Mata","03387899440","Psicologia "
"sim","","","sim","São Lourenço da Mata","03387899440","Psicologia "
"sim","","","sim","São Lourenço da Mata","03387899440","Psicologia "
"sim","","","sim","São Lourenço da Mata","03387899440","Psicologia "
"sim","","","sim","São Lourenço da Mata","03387899440","Psicologia "
"sim","","","sim","São Lourenço da Mata","03387899440","Psicologia "
"sim","","","sim","São Lourenço da Mata","03387899440","Psicologia "
"sim","","","sim","Recife","13457034494","Análise e Desenvolvimento de Sistemas"
"sim","","","sim","Recife ","11294838431","ADS"
"sim","","","sim","Recife ","11294838431","ADS"
"sim","","","sim","Recife","09919205460","Sistemas de Informação"
"sim","","","sim","Recife","09919205460","Sistemas de Informação"
"sim","","","sim","Recife","13246217459","Engenharia da Computação"
"sim","","","sim","Recife","13246217459","Engenharia da Computação"
"sim","","","sim","Recife","13246217459","Engenharia da Computação"
"sim","","","sim","Recife","70448547457","Análise e Desenvolvimento de Sistemas"
"sim","","","sim","Recife","14912581445","sistemas para internet"
"sim","","","sim","Recife","14912581445","sistemas para internet"
"sim","","","sim","Camaragibe","71179882407","ADS - Análise e Desenvolvimento de Sistemas"
"sim","","","sim","Jaboatão dos Guararapes","12303357497","Gestão financeira"
"sim","","","sim","Jaboatão dos Guararapes","12303357497","Gestão financeira"
"sim","","","sim","Jaboatão dos Guararapes","12303357497","Gestão financeira"
"sim","","","sim","Recife","70448547457","Análise e Desenvolvimento de Sistemas"
"sim","","","sim","Recife","11638626499","Análise e desenvolvimento de sistemas"
"sim","","","sim","Recife","11638626499","Análise e desenvolvimento de sistemas"
"sim","","","sim","Olinda","13146143470","Análise e Desenvolvimento de Sistemas"
"sim","","","sim","Olinda","13146143470","Análise e Desenvolvimento de Sistemas"
"sim","","","sim","Recife","11638626499","Análise e desenvolvimento de sistemas"
"sim","","","sim","Recife","70989828492","Ciência da Computação"
"sim","","","sim","Recife","13617002463","Análise e Desenvolvimento de Sistemas"
"sim","","","sim","Recife","13617002463","Análise e Desenvolvimento de Sistemas"
"sim","","","sim","Recife, Paulista, Totó","01738806499","TECNOLOGO ANALISE E DESENVOLVIMENTO DE SISTEMAS"
"sim","","","sim","Jaboatão dos guararapes","70155299476","Análise e Desenvolvimento de sistemas"
"sim","","","sim","Jaboatão dos guararapes","70155299476","Análise e Desenvolvimento de sistemas"
"sim","","","sim","recife","12227746408","sistemas de informação"
"sim","","","sim","Recife ","71203107471","Engenharia de telecomunicações "
"sim","","","sim","Recife ","71203107471","Engenharia de telecomunicações "
"sim","","","sim","OLINDA","13222402485","Gestão Comercial"
"sim","","","sim","OLINDA","13222402485","Gestão Comercial"
"sim","","","sim","OLINDA","13222402485","Gestão Comercial"
"não","","","sim","Recife","03615327411",""
"sim","","","sim","Recife","10309712424","Análise e Desenvolvimento de Sistemas"
"sim","","","sim","Recife","10309712424","Análise e Desenvolvimento de Sistemas"
"sim","","","sim","Recife","10309712424","Análise e Desenvolvimento de Sistemas"
"sim","","","sim","Recife","11842930400","Análise e desenvolvimento de sistemas"
"não","","","sim","Recife","12464480410","Produção "
"sim","","","sim","Recife","06621604521","Ciências da Computação"
"sim","","","sim","Recife","06621604521","Ciências da Computação"
"não","","","sim","Recife","00765094436","Engenharia Civil"
"sim","","","sim","Abreu e Lima","06611068457","Análise e Desenvolvimento de Sistemas "
"sim","","","sim","Abreu e Lima","06611068457","Análise e Desenvolvimento de Sistemas "
"sim","","","sim","Abreu e Lima","06611068457","Análise e Desenvolvimento de Sistemas "
"sim","","","sim","Abreu e Lima","06611068457","Análise e Desenvolvimento de Sistemas "
"sim","","","sim","Abreu e Lima","06611068457","Análise e Desenvolvimento de Sistemas "
"sim","","","sim","RECIFE","12881521401","Análise e Desenvolvimento de Sistemas."
"sim","","","sim","Recife","70580338460","Ciências da Computação"
"sim","","","sim","Recife","70580338460","Ciências da Computação"
"sim","","","sim","Recife","70580338460","Ciências da Computação"
"sim","","","sim","Recife","70580338460","Ciências da Computação"
"sim","","","sim","Recife","70580338460","Ciências da Computação"
"sim","","","sim","Recife","70580338460","Ciências da Computação"
"sim","","","sim","Recife","71474681476","Análise e Desenvolvimento de Sistemas "
"sim","","","sim","Recife - PE","70797945440","Análise e desenvolvimento de sistemas "
"sim","","","sim","Recife - PE","70797945440","Análise e desenvolvimento de sistemas "
"sim","","","sim","recife","11942663471","análise e desenvolvimento de sistemas "
"sim","","","sim","recife","11942663471","análise e desenvolvimento de sistemas "
"sim","","","sim","recife","11942663471","análise e desenvolvimento de sistemas "
"sim","","","sim","Recife","62294389336","Análise e desenvolvimentos de sistemas"
"sim","","","sim","Recife","62294389336","Análise e desenvolvimentos de sistemas"
"sim","","","sim","Recife","62294389336","Análise e desenvolvimentos de sistemas"
"sim","","","sim","Recife","71910143421","Análise e Desenvolvimento de Sistemas"
"não","","","sim","Olinda","71375841440","ENFERMAGEM "
"não","","","sim","Olinda","71375841440","ENFERMAGEM "
"não","","","sim","Olinda","71375841440","ENFERMAGEM "
"sim","","","sim","Recife","71147279411","Análise e desenvolvimento de sistemas"
"sim","","","sim","Recife","71910143421","Análise e Desenvolvimento de Sistemas"
"sim","","","sim","Recife ","10477362419","Análise e Desenvolvimento de Sistemas"
"sim","","","sim","Recife ","10477362419","Análise e Desenvolvimento de Sistemas"
"sim","","","sim","Recife ","10477362419","Análise e Desenvolvimento de Sistemas"
"sim","","","sim","Recife ","10477362419","Análise e Desenvolvimento de Sistemas"
"sim","","","sim","Recife ","10477362419","Análise e Desenvolvimento de Sistemas"
"sim","","","sim","Recife ","10477362419","Análise e Desenvolvimento de Sistemas"
"sim","","","sim","Recife ","10477362419","Análise e Desenvolvimento de Sistemas"
"sim","","","sim","Recife ","10477362419","Análise e Desenvolvimento de Sistemas"
"sim","","","sim","Recife ","10477362419","Análise e Desenvolvimento de Sistemas"
"sim","","","sim","Recife ","10477362419","Análise e Desenvolvimento de Sistemas"
"sim","","","sim","Recife ","10477362419","Análise e Desenvolvimento de Sistemas"
"sim","","","sim","Recife","09994804480","Engenharia da Computação"
"sim","","","sim","Recife","70910088470","Engenharia de Software"
"sim","","","sim","Recife","62701283310","Engenharia de Software"
"sim","","","sim","recife","70745443451","Engenharia de Software"
"sim","","","sim","Recife ","71019525428","Engenharia de Software "
"sim","","","sim","Recife ","71019525428","Engenharia de Software "
"sim","","","sim","Recife ","71019525428","Engenharia de Software "
"sim","","","sim","Recife","62701283310","Engenharia de Software"
"sim","","","sim","Recife","13272862463","Engenharia de Software Comercial"
"sim","","","sim","Recife","13381523430","Engenharia de Software"
"sim","","","sim","Recife","13381523430","Engenharia de Software"
"sim","","","sim","recife","70745443451","Engenharia de Software"
"sim","","","sim","Recife","07986421576","Sistemas de Informação"
"sim","","","sim","CARPINA","15294887452","Sistema de Informação"
"sim","","","sim","CARPINA","15294887452","Sistema de Informação"
"não","","","sim","Recife","45574347890",""
"sim","","","sim","Recife","09800657479","ANÁLISE E DESENVOLVIMENTO DE SISTEMAS"
"sim","","","sim","Recife","09800657479","ANÁLISE E DESENVOLVIMENTO DE SISTEMAS"
"sim","","","sim","Recife","08833048489","Análise e Desenvolvimento de Sistemas"
"sim","","","sim","Recife","08833048489","Análise e Desenvolvimento de Sistemas"
"sim","","","sim","Recife","08833048489","Análise e Desenvolvimento de Sistemas"
"sim","","","sim","Recife","03105879218","Sistemas de Informação"
"sim","","","sim","Recife","07709356567","Engenharia da Computação"
"sim","","","sim","Recife","07709356567","Engenharia da Computação"
"sim","","","sim","Recife","15031703490","Ciência Da Computação"
"sim","","","sim","Recife","06288487490","redes de computafores"
"sim","","","sim","Recife","06288487490","redes de computafores"
"sim","","","sim","Recife","70730525400","Ciências da Computação"
"sim","","","sim","Recife","70730525400","Ciências da Computação"
"sim","","","sim","Recife","08713230441","Ciência da Computação "
"sim","","","sim","Recife","08713230441","Ciência da Computação "
"sim","","","sim","Recife","08713230441","Ciência da Computação "
"sim","","","sim","Recife","71377527484","Análise e desenvolvimento de sistemas "
"sim","","","sim","Recife","71377527484","Análise e desenvolvimento de sistemas "
"sim","","","sim","Recife","71096083442","Análise e desenvolvimento de sistemas "
"sim","","","sim","Recife","71096083442","Análise e desenvolvimento de sistemas "
"sim","","","sim","Recife","71096083442","Análise e desenvolvimento de sistemas "
"sim","","","sim","Recife","71096083442","Análise e desenvolvimento de sistemas "
"sim","","","sim","Recife","71096083442","Análise e desenvolvimento de sistemas "
"sim","","","sim","Recife","13852081475","Sistemas para Internet"
"sim","","","sim","RECIFE","12815339471","Sistemas Para Internet"
"sim","","","sim","RECIFE","12815339471","Sistemas Para Internet"
"sim","","","sim","Recife","70583233481","sistemas para internet "
"sim","","","sim","Recife ","09035081412","Análise e Desenvolvimento de Sistemas "
"sim","","","sim","Recife ","09035081412","Análise e Desenvolvimento de Sistemas "
"sim","","","sim","Recife ","09035081412","Análise e Desenvolvimento de Sistemas "
"sim","","","sim","Recife ","09035081412","Análise e Desenvolvimento de Sistemas "
"sim","","","sim","Recife ","09035081412","Análise e Desenvolvimento de Sistemas "
"sim","","","sim","Recife ","09035081412","Análise e Desenvolvimento de Sistemas "
"sim","","","sim","Recife ","09035081412","Análise e Desenvolvimento de Sistemas "
"sim","","","sim","Recife ","09035081412","Análise e Desenvolvimento de Sistemas "
"sim","","","sim","Jaboatão dos Guararapes ","12985311446","Ciência da computação "
"sim","","","sim","Jaboatão dos Guararapes ","12985311446","Ciência da computação "
"sim","","","sim","Jaboatão dos Guararapes ","12985311446","Ciência da computação "
"sim","","","sim","Jaboatão dos Guararapes ","12985311446","Ciência da computação "
"sim","","","sim","Jaboatão dos Guararapes ","12985311446","Ciência da computação "
"sim","","","sim","Jaboatão dos Guararapes ","12985311446","Ciência da computação "
"sim","","","sim","Jaboatão dos Guararapes ","12985311446","Ciência da computação "
"sim","","","sim","Recife","81981923238","Analise e desenvolvimento de sistemas "
"sim","","","sim","Recife","81981923238","Analise e desenvolvimento de sistemas "
"sim","","","sim","Recife","81981923238","Analise e desenvolvimento de sistemas "
"sim","","","sim","Recife","81981923238","Analise e desenvolvimento de sistemas "
"sim","","","sim","Recife","81981923238","Analise e desenvolvimento de sistemas "
"sim","","","sim","Recife","81981923238","Analise e desenvolvimento de sistemas "
"sim","","","sim","Jaboatão dos Guararapes","71171087462","Ciência da computação "
"sim","","","sim","Jaboatão dos Guararapes ","14656919446","Ciência da Computação "
"sim","","","sim","Jaboatão dos Guararapes ","14656919446","Ciência da Computação "
"sim","","","sim","Jaboatão dos Guararapes ","14656919446","Ciência da Computação "
"não","","","sim","Igarassu","06423478406","Especialização em CiÊncias de Dados e Inteligência Artificial"
"não","","","sim","Igarassu","06423478406","Especialização em CiÊncias de Dados e Inteligência Artificial"
"não","","","sim","Igarassu","06423478406","Especialização em CiÊncias de Dados e Inteligência Artificial"
"não","","","sim","Igarassu","06423478406","Especialização em CiÊncias de Dados e Inteligência Artificial"
"sim","","","sim","Cabo de Santo Agostinho ","12375440412","Ciência da computação "
"sim","","","sim","Cabo de Santo Agostinho ","12375440412","Ciência da computação "
"sim","","","sim","Cabo de Santo Agostinho ","12375440412","Ciência da computação "
"sim","","","sim","Jaboatão dos Guararapes","08659458451","Ciência da Computação "
"sim","","","sim","Jaboatão dos Guararapes","08659458451","Ciência da Computação "
"sim","","","sim","Recife","70344694402","Sistemas de Informação "
"sim","","","sim","Recife","12840511452","Sistemas de informação "
"sim","","","sim","Recife","07857131407","Ciência da Computação "
"sim","","","sim","RECIFE","09447348475","Engenharia da Computação"
"sim","","","sim","Recife ","11983976407","Ciência da Computação "
"sim","","","sim","Recife ","11983976407","Ciência da Computação "
"sim","","","sim","Recife ","11983976407","Ciência da Computação "
"sim","","","sim","Recife","05386132547","Engenharia da Computação "
"sim","","","sim","Recife","05386132547","Engenharia da Computação "
"sim","","","sim","Recife","05386132547","Engenharia da Computação "
"sim","","","sim","Recife","05386132547","Engenharia da Computação "
"sim","","","sim","Recife","05386132547","Engenharia da Computação "
"sim","","","sim","Recife","05386132547","Engenharia da Computação "
"sim","","","sim","Recife","05386132547","Engenharia da Computação "
"sim","","","sim","Recife","05386132547","Engenharia da Computação "
"sim","","","sim","Recife","05386132547","Engenharia da Computação "
"sim","","","sim","Recife","05386132547","Engenharia da Computação "
"sim","","","sim","João Pessoa","71651011443","sistemas da informação "
"sim","","","sim","João Pessoa","71651011443","sistemas da informação "
"sim","","","sim","João Pessoa","71651011443","sistemas da informação "
"sim","","","sim","Recife","12314835476","Sistemas de informação"
"não","","","sim","Olinda","16517672460","Programação "
"não","","","sim","Olinda","16517672460","Programação "
"não","","","sim","Olinda","16517672460","Programação "
"não","","","sim","Olinda","16517672460","Programação "
"não","","","sim","Olinda","16517672460","Programação "
"não","","","sim","Olinda","16517672460","Programação "
"não","","","sim","Olinda","16517672460","Programação "
"não","","","sim","Olinda","16517672460","Programação "
"não","","","sim","Olinda","16517672460","Programação "
"não","","","sim","Olinda","16517672460","Programação "
"não","","","sim","Olinda","16517672460","Programação "
"sim","","","sim","RECIFE","10483576433","Análise e desenvolvimento de sistemas"
"sim","","","sim","RECIFE","10483576433","Análise e desenvolvimento de sistemas"
"sim","","","sim","RECIFE","10483576433","Análise e desenvolvimento de sistemas"
"sim","","","sim","RECIFE","10483576433","Análise e desenvolvimento de sistemas"
"sim","","","sim","Recife","10935121480","Ciência da Computação"
"sim","","","sim","Recife","10935121480","Ciência da Computação"
"sim","","","sim","Recife","10935121480","Ciência da Computação"
"sim","","","sim","Recife","70355937484","ciencia da computação"
"sim","","","sim","Recife","70355937484","ciencia da computação"
"sim","","","sim","recife","70589462482","ciência da computação "
"sim","","","sim","recife","70589462482","ciência da computação "
"sim","","","sim","Recife","08875923418","Análise e Desenvolvimento de Sistemas "
"sim","","","sim","Recife","08875923418","Análise e Desenvolvimento de Sistemas "
"sim","","","sim","Recife","07947180431","Expressão Gráfica"
"sim","","","sim","Recife","07947180431","Expressão Gráfica"
"não","","","sim","Recife","71648237401","T.I"
"não","","","sim","Recife","71648237401","T.I"
"não","","","sim","Recife","71648237401","T.I"
"não","","","sim","Recife","71648237401","T.I"
"não","","","sim","Recife","71648237401","T.I"
"sim","","","sim","Recife ","14664341474","Ciência da computação "
"sim","","","sim","Recife ","14664341474","Ciência da computação "
"sim","","","sim","Recife ","14664341474","Ciência da computação "
"não","","","sim","São José dos Campos","18570050828","Engenharia"
"sim","","","sim","Recife","13311164490","Ciências da Computação"
"sim","","","sim","Recife","13311164490","Ciências da Computação"
"sim","","","sim","Jaboatão dos guararapes","70155299476","Análise e desenvolvimento de sistemas"
"sim","","","sim","Jaboatão dos guararapes","70155299476","Análise e desenvolvimento de sistemas"
"sim","","","sim","Olinda - PE","71571898441","Engenharia de Software"
"sim","","","sim","Olinda - PE","71571898441","Engenharia de Software"
"sim","","","sim","Jaboatão dos guararapes","70155299476","Análise e desenvolvimento de sistemas"
"sim","","","sim","Jaboatão dos guararapes","70155299476","Análise e desenvolvimento de sistemas"
"sim","","","sim","Jaboatão dos guararapes","70155299476","Análise e desenvolvimento de sistemas"
"sim","","","sim","Jaboatão dos guararapes","70155299476","Análise e desenvolvimento de sistemas"
"sim","","","sim","Jaboatão dos guararapes","70155299476","Análise e desenvolvimento de sistemas"
"sim","","","sim","Jaboatão dos guararapes","70155299476","Análise e desenvolvimento de sistemas"
"sim","","","sim","Jaboatão dos guararapes","70155299476","Análise e desenvolvimento de sistemas"
"sim","","","sim","Jaboatão dos guararapes","70155299476","Análise e desenvolvimento de sistemas"
"sim","","","sim","Jaboatão dos guararapes","70155299476","Análise e desenvolvimento de sistemas"
"sim","","","sim","Recife","10337215499","análise e desenvolvimento de sistemas"
"sim","","","sim","Recife","10402488458","Sistemas de informação"
"sim","","","sim","Recife","10955660327","Sistemas para Internet"
"sim","","","sim","Recife","70814269486","Sistemas para internet "
"sim","","","sim","Recife","70814269486","Sistemas para internet "
"sim","","","sim","Recife","70814269486","Sistemas para internet "
"sim","","","sim","Recife","70814269486","Sistemas para internet "
"sim","","","sim","Recife ","70778505448","Engenharia Agrícola e Ambiental "
"sim","","","sim","Recife ","70778505448","Engenharia Agrícola e Ambiental "
"sim","","","sim","Recife ","70778505448","Engenharia Agrícola e Ambiental "
"sim","","","sim","Recife ","70778505448","Engenharia Agrícola e Ambiental "
"sim","","","sim","Recife ","71098669479","Engenharia Agrícola e Ambiental "
"sim","","","sim","Recife ","71098669479","Engenharia Agrícola e Ambiental "
"sim","","","sim","Recife ","71098669479","Engenharia Agrícola e Ambiental "
"sim","","","sim","Recife","09035081412","Análise e Desenvolvimento de Sistemas"
"sim","","","sim","Recife ","71098669479","Engenharia Agrícola e Ambiental "
"sim","","","sim","Recife ","71098669479","Engenharia Agrícola e Ambiental "
"sim","","","sim","RECIFE","7030849479","Ciências da computação "
"sim","","","sim","RECIFE","7030849479","Ciências da computação "
"sim","","","sim","RECIFE","7030849479","Ciências da computação "
"sim","","","sim","RECIFE","7030849479","Ciências da computação "
"sim","","","sim","RECIFE","7030849479","Ciências da computação "
"sim","","","sim","RECIFE","7030849479","Ciências da computação "
"sim","","","sim","RECIFE","7030849479","Ciências da computação "
"sim","","","sim","RECIFE","7030849479","Ciências da computação "
"sim","","","sim","RECIFE","7030849479","Ciências da computação "
"sim","","","sim","RECIFE","7030849479","Ciências da computação "
"sim","","","sim","Recife ","15031703490","Ciência Da Computação "
"sim","","","sim","Recife ","15031703490","Ciência Da Computação "
"sim","","","sim","Recife ","15031703490","Ciência Da Computação "
"sim","","","sim","Recife ","15031703490","Ciência Da Computação "
"sim","","","sim","Recife ","15031703490","Ciência Da Computação "
"sim","","","sim","Recife","11240025459","Engenharia Agrícola e Ambiental"
"sim","","","sim","Recife","06529537430","Sistemas de Informação"
"sim","","","sim","Recife","07532480429","Engenharia da Computação"
"sim","","","sim","Recife","70890270406","Engenharia da Computação "
"sim","","","sim","Recife","11804810460","Ciências da computação"
"sim","","","sim","Recife","71310342407","Ciência da computação"
"sim","","","sim","Recife","71310342407","Ciência da computação"
"sim","","","sim","Recife","71192341457","Ciência da Computação"
"sim","","","sim","Recife","71310342407","Ciência da computação"
"sim","","","sim","Jaboatão dos Guararapes","70904955400","Ciência da Computação"
"sim","","","sim","jaboatão dos guararapes (nem todos são de jaboatão)","44480404880","Engenharia da computação"
"sim","","","sim","Recife","12771882469","CIÊNCIA DA COMPUTAÇÃO"
"sim","","","sim","Recife","12947949498","Análise e Desenvolvimento de Sistemas"
"sim","","","sim","Recife","12947949498","Análise e Desenvolvimento de Sistemas"
"sim","","","sim","Recife","12947949498","Análise e Desenvolvimento de Sistemas"
"sim","","","sim","Recife","12947949498","Análise e Desenvolvimento de Sistemas"
"sim","","","sim","Recife","12947949498","Análise e Desenvolvimento de Sistemas"
"sim","","","sim","Recife","12947949498","Análise e Desenvolvimento de Sistemas"
"sim","","","sim","Recife","12947949498","Análise e Desenvolvimento de Sistemas"
"sim","","","sim","Camaragibe","09458957478","Analise e Desenvolvimento de Sistemas"
"sim","","","sim","Recife","70934251436","Análise e Desenvolvimento de Sistemas (ADS)"
"sim","","","sim","Recife","07709356567","Engenharia da Computação"
"sim","","","sim","Recife","15157681470","Análise e Desenvolvimento de Sistemas "
"sim","","","sim","Recife","71546929444","Análise e Desenvolvimento de Sistemas"
"sim","","","sim","Recife","71546929444","Análise e Desenvolvimento de Sistemas"
"sim","","","sim","Recife","13290319466","Análise e Desenvolvimento de Sistemas"
"sim","","","sim","Recife","70778505448","Engenharia Agricola e Ambiental "
"sim","","","sim","Recife","15479232452","Eng de Computacao"
"sim","","","sim","Recife","15479232452","Eng de Computacao"
"sim","","","sim","Recife","15479232452","Eng de Computacao"
"sim","","","sim","Recife","07793835409","Ciência da computação "
"sim","","","sim","Recife","07793835409","Ciência da computação "
"sim","","","sim","Recife","71507158424","Sistemas de Informação"
"sim","","","sim","Recife","14201966429","Engenharia da Computação"
"sim","","","sim","Recife ","12514526477","Engenharia da Computação "
"sim","","","sim","Recife ","12514526477","Engenharia da Computação "
"sim","","","sim","Recife ","12514526477","Engenharia da Computação "
"sim","","","sim","Recife ","12514526477","Engenharia da Computação "
"sim","","","sim","Recife ","12514526477","Engenharia da Computação "
"sim","","","sim","Recife ","12514526477","Engenharia da Computação "
"sim","","","sim","Recife","71310342407","Ciência da computação"
"sim","","","sim","Recife","81988466680","Ciência da computação "
"sim","","","sim","Recife","81988466680","Ciência da computação "
"sim","","","sim","Recife","81988466680","Ciência da computação "
"sim","","","sim","Recife","12916902473","Ciência da computação "
"sim","","","sim","Recife","12916902473","Ciência da computação "
"sim","","","sim","Recife","12916902473","Ciência da computação "
"sim","","","sim","Recife","12916902473","Ciência da computação "
"sim","","","sim","Recife","12916902473","Ciência da computação "
"sim","","","sim","Recife","71051935490","Ciência da computação"
"sim","","","sim","Recife","12916902473","Ciência da computação "
"sim","","","sim","Recife","70619799412","Análise e Desenvolvimento De Sistemas"
"sim","","","sim","Recife","71051935490","Ciência da computação"
"sim","","","sim","jaboatão dos guararapes","71590899440","Análise e Desenvolvimento de sistemas"
"sim","","","sim","jaboatão dos guararapes","71590899440","Análise e Desenvolvimento de sistemas"
"sim","","","sim","recife","13447676485",""
"sim","","","sim","Recife","08370175139","Ciência da Computação "
"sim","","","sim","Recife","08370175139","Ciência da Computação "
"sim","","","sim","Recife","13315566437","Ciência da Computação"
"sim","","","sim","Recife","13315566437","Ciência da Computação"
"sim","","","sim","Olinda","70622376470","Ads"
"sim","","","sim","Recife","10680468480","Ciência da Computação"
"sim","","","sim","Recife","10680468480","Ciência da Computação"
"sim","","","sim","Recife","07317815381","ADS"
"sim","","","sim","RECIFE","13480846424","Ciência da computação"
"sim","","","sim","RECIFE","13480846424","Ciência da computação"
"sim","","","sim","Camaragibe ","70538321474","Licenciatura em Computação "
"não","","","sim","Recife","10792006493",""
"não","","","sim","Recife","10792006493",""
"não","","","sim","Recife","10792006493",""
"não","","","sim","Recife","10792006496",""
"sim","","","sim","Recife","09076511438","Ciência da Computação"
"sim","","","sim","Recife","09076511438","Ciência da Computação"
"sim","","","sim","Recife","70335649459","Ciência da Computação "
"sim","","","sim","Recife","70335649459","Ciência da Computação "
"sim","","","sim","Recife","70335649459","Ciência da Computação "
"sim","","","sim","Recife","70335649459","Ciência da Computação "
"sim","","","sim","Recife","70335649459","Ciência da Computação "
"sim","","","sim","Recife","70335649459","Ciência da Computação "
"sim","","","sim","Recife","04773421401","ADS"
"sim","","","sim","Recife","04773421401","ADS"
"sim","","","sim","Recife","04773421401","ADS"
"sim","","","sim","Recife","04773421401","ADS"
"sim","","","sim","Recife","70169409422","Ciência da Computação"
"sim","","","sim","Recife","13824396440","Análise e Desenvolvimento de sistemas "
"não","","","sim","REcife","10295271485","Ciencia da computação"
"não","","","sim","Recife ","15583496428","ADS- Análise de Desenvolvimento de Sistemas "
"não","","","sim","Recife ","15583496428","ADS- Análise de Desenvolvimento de Sistemas "
"não","","","sim","Recife ","15583496428","ADS- Análise de Desenvolvimento de Sistemas "
"não","","","sim","Recife ","15583496428","ADS- Análise de Desenvolvimento de Sistemas "
"não","","","sim","Recife ","15583496428","ADS- Análise de Desenvolvimento de Sistemas "
"não","","","sim","Recife ","15583496428","ADS- Análise de Desenvolvimento de Sistemas "
"não","","","sim","Recife ","15583496428","ADS- Análise de Desenvolvimento de Sistemas "
"não","","","sim","Recife ","15583496428","ADS- Análise de Desenvolvimento de Sistemas "
"não","","","sim","Recife ","15583496428","ADS- Análise de Desenvolvimento de Sistemas "
"sim","","","sim","Recife","12947949498","Análise e Desenvolvimento de Sistemas"
"sim","","","sim","Recife","12947949498","Análise e Desenvolvimento de Sistemas"
"sim","","","sim","Recife","12947949498","Análise e Desenvolvimento de Sistemas"
"sim","","","sim","Recife","12947949498","Análise e Desenvolvimento de Sistemas"
"sim","","","sim","Recife","12947949498","Análise e Desenvolvimento de Sistemas"
"sim","","","sim","Recife","12947949498","Análise e Desenvolvimento de Sistemas"
"sim","","","sim","Recife","12863229443","Análise e Desenvolvimento de Sistemas"
"sim","","","sim","Recife","12863229443","Análise e Desenvolvimento de Sistemas"
"sim","","","sim","Recife","12863229443","Análise e Desenvolvimento de Sistemas"
"sim","","","sim","recife ","12104505429","Ciência da Computação"
"sim","","","sim","recife ","12104505429","Ciência da Computação"
"sim","","","sim","Recife","12040471464","Ciência da Computação"
"sim","","","sim","Recife","12040471464","Ciência da Computação"
"sim","","","sim","Recife","11386981486","Engenharia Eletronica"
"sim","","","sim","RECIFE","70308449479","Ciências da Computação "
"sim","","","sim","Paulista","13768589404","Analise e desenvolvimento de sistemas"
"sim","","","sim","Paulista","13768589404","Analise e desenvolvimento de sistemas"
"sim","","","sim","Paulista","13768589404","Analise e desenvolvimento de sistemas"
"sim","","","sim","Recife","0901361440","Ciência da Computação "
"sim","","","sim","Recife","0901361440","Ciência da Computação "
"sim","","","sim","Recife","0901361440","Ciência da Computação "
"sim","","","sim","Recife","0901361440","Ciência da Computação "
"sim","","","sim","Recife","0901361440","Ciência da Computação "
"sim","","","sim","Recife","0901361440","Ciência da Computação "
"sim","","","sim","Recife","0901361440","Ciência da Computação "
"sim","","","sim","Recife","0901361440","Ciência da Computação "
"sim","","","sim","Recife","0901361440","Ciência da Computação "
"sim","","","sim","Recife","0901361440","Ciência da Computação "
"sim","","","sim","Recife","0901361440","Ciência da Computação "
"sim","","","sim","Recife","0901361440","Ciência da Computação "
"sim","","","sim","Recife","11430598409","Ciencia da Computação"
"sim","","","sim","Recife","11430598409","Ciencia da Computação"
"sim","","","sim","Recife","71091964459","Ciência da Computação"
"sim","","","sim","Recife","12234925754","Ciencia da computação"
"sim","","","sim","Recife","13300041406","Ciência da Computação"
"sim","","","sim","Paulista","14502827410","Ciência da computação"
"sim","","","sim","Recife","09220574438","Ciências da Computação"
"sim","","","sim","Recife","09220574438","Ciências da Computação"
