"eixo","categorias","desafio","proposta","tipo","tipoMentor","usuario"
"","","1741713756342x475094650909622300","","","","homero@recife.pe.gov.br"
"","","1741713756342x475094650909622300","","","","moisesb@recife.pe.gov.br"
"","","1741713756342x475094650909622300","","","","gustavo.godoy@recife.pe.gov.br"
"","","1741713756342x475094650909622300","","","","rodrigobzrra@gmail.com"
"","","1741715341881x519750575031320600","","","","ana.breda@recife.pe.gov.br"
"","","1741715341881x519750575031320600","","","","viviane.kawashima@recife.pe.gov.br"
"","","1741717308549x865975349857747000","","","","joao.lobo@recife.pe.gov.br"
"","","1741717308549x865975349857747000","","","","cesararaujo569@gmail.com"
"","","1741717308549x865975349857747000","","","","adriana.figueira@recife.pe.gov.br"
"","","1741717852329x959885049985499100","","","","fernandosouza@recife.pe.gov.br"
"","","1741717852329x959885049985499100","","","","rafael.paula@recife.pe.gov.br"
"","","1741717852329x959885049985499100","","","","oburegio@gmail.com"
"","","1741717308549x865975349857747000","","","","lauracaldasm@gmail.com"
"","","1741713756342x475094650909622300","","","","vieira.anaines@gmail.com"
"","","1741717852329x959885049985499100","","","","dalmario.telecom@gmail.com"
"","","1741715341881x519750575031320600","","","","algdb@hotmail.com"
"","","1741715341881x519750575031320600","","","","tmendes00@gmail.com"
"","","1741717852329x959885049985499100","","","","maia.tito.professor@gmail.com"
"","","1741715341881x519750575031320600","","","","diogo.henriquepaz@gmail.com"
"","","1741717308549x865975349857747000","","","","prof.eder.leao@gmail.com"
"","","","","PremioPrimeiraFase","","pedrocasefilho2208@gmail.com"
"","","","","PremioPrimeiraFase","","evisson.lucena@recife.pe.gov.br"
"","","","","PremioPrimeiraFase","","hellen-ssilva@hotmail.com"
"","","","","PremioPrimeiraFase","","rafael.paula@recife.pe.gov.br"
"","","","","PremioPrimeiraFase","","adeildo.barros@recife.pe.gov.br"
"","","","","PremioPrimeiraFase","","tiago.teixeira@recife.pe.gov.br"
"","","","","PremioPrimeiraFase","","cesararaujo569@gmail.com"
"Inovação Empresarial","Inovação empresarial , Inovação ESG","","","PremioSegundaFase","","luizsalmeron@gmail.com"
"Inovação Empresarial","Inovação empresarial , Inovação ESG","","","PremioSegundaFase","","juliana.melo@aeptecba.org.br"
"Startups Inovadoras","Startup Ascenção , Startup Tração , Startup conectada com a cidade","","","PremioSegundaFase","","qrzricardo@gmail.com"
"Inovação Social","Empreendedorismo Social , Letramento Digital","","","PremioSegundaFase","","daniela.estevam@gmail.com"
"Inovação Social","Empreendedorismo Social , Letramento Digital","","","PremioSegundaFase","","fabio.moraes@ufabc.edu.br"
"Inovação Social","Empreendedorismo Social , Letramento Digital","","","PremioSegundaFase","","fabiana.a.pereira@rfb.gov.br"
"Inovação Científica","Pesquisa & Extensão Inovadora , Instituição de Pesquisa/Extensão Inovadora , Deeptech destaque","","","PremioSegundaFase","","rossana.choze@ucb.br"
"Inovação Científica","Pesquisa & Extensão Inovadora , Instituição de Pesquisa/Extensão Inovadora , Deeptech destaque","","","PremioSegundaFase","","izadora.mattiello@wylinka.org.br"
"Inovação Científica","Pesquisa & Extensão Inovadora , Instituição de Pesquisa/Extensão Inovadora , Deeptech destaque","","","PremioSegundaFase","","julianadesouzacorrea@gmail.com"
"Inovação Empresarial","Inovação empresarial , Inovação ESG","","","PremioSegundaFase","","lima.mayaracosta@gmail.com"
"Startups Inovadoras","Startup Ascenção , Startup Tração , Startup conectada com a cidade","","","PremioSegundaFase","","djenifer.macedo@southsummitbrazil.com"
"","","1762279000179x559178544360194050","","mentor","Tutor","gabrielchamie@gmail.com"
"","","1762279000179x559178544360194050","","mentor","Tutor","cesararaujo569@gmail.com"
"","","1765373615004x773784994777661400","","mentor","Tutor","gabrielchamie@gmail.com"
"","","1765373615004x773784994777661400","","mentor","Tutor","pedrocasefilho2208@gmail.com"
"","","1765373615004x773784994777661400","","mentor","Tutor","cesararaujo569@gmail.com"
