"Coment","Crietereas","Inscricao","Mentor","Rates","result","Values_critereas"
"Não quero","1761742057377x784709806988197900 , 1761742075865x914738701678673900 , 1761742085261x485672521572548600 , 1761742108026x685329439456231400","Adote um Aluno – Solução Recifense Contra a Evasão Escolar","pedrocasefilho2208@gmail.com","","","1761746284676x787676075823202300 , 1761746300807x372678499226353660 , 1761746324002x353823270557188100 , 1761746343263x632670681212911600"
"A OBI/NOOK atende ao público-alvo (startup) e apresenta proposta alinhada a educação inclusiva com potencial social. Pelo que vi, faltam comprovações formais (CNPJ em recife) e a categoria tração sugiro a mudança para ascenção. ","1761742057377x784709806988197900 , 1761742085261x485672521572548600 , 1761742075865x914738701678673900 , 1761742108026x685329439456231400","OBI","evisson.lucena@recife.pe.gov.br","","","1761758727117x733163620295245800 , 1761758948401x376893710579793900 , 1761758959021x438902190006075400 , 1761758992260x982788837743001600"
"Faltando CCNPJ. e Sugestão de migrar de categoria. ","1761742057377x784709806988197900 , 1761742075865x914738701678673900 , 1761742085261x485672521572548600 , 1761742108026x685329439456231400","Biosurfatech: Limpeza Sustentável com o Poder dos Microrganismos","evisson.lucena@recife.pe.gov.br","","","1761763417320x846795629951713300 , 1761763476659x470620404213350400 , 1761763517079x444992736263405600 , 1761763541922x984063285160312800"
"Já ganhou o prmerio em 2024","1761742057377x784709806988197900 , 1761742075865x914738701678673900 , 1761742085261x485672521572548600 , 1761742108026x685329439456231400","Residência Tecnológica","evisson.lucena@recife.pe.gov.br","","","1761764013963x357800819469844500 , 1761764059860x657233983340019700 , 1761764094811x870620999913308200 , 1761764107286x476016206159806460"
"Não achei o CNPJ para afirmar que é de Recife e tem a sugestão de mudança de categoria por se tratar de IES. ","1761742057377x784709806988197900 , 1761742075865x914738701678673900 , 1761742085261x485672521572548600 , 1761742108026x685329439456231400","Rede CONEXUS-PDTIS( Programa de Desenvolvimento de Talentos e Inovação em Saúde digital)","evisson.lucena@recife.pe.gov.br","","","1761765586753x167150793737371650 , 1761765610053x787250683405926400 , 1761765744565x216294201509019650 , 1761765766160x647728928503889900"
"Elegível. Sugestão: troca de categoria. ","1761742057377x784709806988197900 , 1761742075865x914738701678673900 , 1761742085261x485672521572548600 , 1761742108026x685329439456231400","FoodRec - Compare Delivery","evisson.lucena@recife.pe.gov.br","","","1761766187205x800411616897925100 , 1761766275306x572237598842945540 , 1761766301132x810070101558820900 , 1761766323780x716428728088395800"
"Sugestão de realocação de categoria: Instituição de Ensino e/ou Pesquisa Inovadora.","1761742057377x784709806988197900 , 1761742075865x914738701678673900 , 1761742085261x485672521572548600 , 1761742108026x685329439456231400","Formação em Inteligência de Mercado e Dados para Startups Deep Techs","evisson.lucena@recife.pe.gov.br","","","1761766824411x600506345580658700 , 1761766877301x322513072106242050 , 1761767017012x249866850699051000 , 1761767024331x994258234127155200"
"Sugestão de mudança de categoria para Pesquisa & Extensão Inovadora","1761742075865x914738701678673900 , 1761742085261x485672521572548600 , 1761742108026x685329439456231400","Immuned: Uma ferramenta de predição de resposta terapêutica para doenças autoimunes reumatológicas","evisson.lucena@recife.pe.gov.br","","","1761767291192x516073042986926100 , 1761767344665x467571264609583100 , 1761767384479x465157181153476600"
"CNPJ de fora do Recife, porém como estamos sugerindo a mudança da categoria para Conectada com a Cidade, ficaria elegível. ","1761742057377x784709806988197900 , 1761742075865x914738701678673900 , 1761742085261x485672521572548600 , 1761742108026x685329439456231400","passou encontrou","evisson.lucena@recife.pe.gov.br","","","1761767623264x235862080913145860 , 1761767845168x466308262954532860 , 1761768584822x860627036224880600 , 1761768615933x190213650512347140"
"Sugestão de realocação:Ascenção","1761742057377x784709806988197900 , 1761742075865x914738701678673900 , 1761742085261x485672521572548600 , 1761742108026x685329439456231400","Seed a Bit - Empresa Júnior de Tecnologia","evisson.lucena@recife.pe.gov.br","","","1761768280602x481182944761479200 , 1761768307059x514859474519064600 , 1761768500360x362055504836165600 , 1761768519982x241057001723133950"
" Sugestão de realocação: Pesquisa & Extensão Inovadora","1761742057377x784709806988197900 , 1761742075865x914738701678673900 , 1761742085261x485672521572548600 , 1761742108026x685329439456231400","MONITORAMENTO DAS DECISÕES DA CORTE INTERAMERICANA DE DIREITOS HUMANOS NO CASO DO COMPLEXO DO CURADO: DESAFIOS INSTITUCIONAIS NA EFETIVIDADE DOS DIREITOS HUMANOS EM PERNAMBUCO","evisson.lucena@recife.pe.gov.br","","","1761769029187x601611752334688300 , 1761769051104x227745659874443260 , 1761769076874x702301080206966800 , 1761769084506x191216101204688900"
"Sugestão de realocação: Pesquisa & Extensão Inovadora ","1761742075865x914738701678673900 , 1761742085261x485672521572548600 , 1761742108026x685329439456231400","Direitos econômicos, sociais, culturais e ambientais (DESCA), cidade e moradia adequada","evisson.lucena@recife.pe.gov.br","","","1761769697428x240107111227850750 , 1761769728984x307203108102996000 , 1761769767049x944203205920161800"
"Sugestão de mudança de categoria para Instituição de Ensino e/ou Pesquisa Inovadora","1761742057377x784709806988197900 , 1761742075865x914738701678673900 , 1761742085261x485672521572548600 , 1761742108026x685329439456231400","Programa “ Várzea do Futuro”","evisson.lucena@recife.pe.gov.br","","","1761770257433x891147770452770800 , 1761770271416x327921010357567500 , 1761770306905x783409607986380800 , 1761770334211x538543249220960260"
"Avaliação finalizada.","1761742057377x784709806988197900 , 1761742075865x914738701678673900 , 1761742085261x485672521572548600 , 1761742108026x685329439456231400","Eu Vi","rafael.paula@recife.pe.gov.br","","","1761831757507x306100845780926460 , 1761832011628x529258666565304300 , 1761832399212x257512028994273280 , 1761832452171x361746750300487700"
"Avaliação finalizada.","1761742057377x784709806988197900 , 1761742075865x914738701678673900 , 1761742085261x485672521572548600 , 1761742108026x685329439456231400","JOVENS DE IMPACTO","rafael.paula@recife.pe.gov.br","","","1761837190833x411104241334878200 , 1761837310575x542412308321927200 , 1761837404120x617999411932561400 , 1761837414872x930105360171925500"
"Na minha opinião, não se encaixa no eixo que foi inscrito e não é uma inovação ou novidade.
Já existem outras plataformas que realizam o mesmo propósito, não sendo uma solução inovadora.","1761742075865x914738701678673900 , 1761742085261x485672521572548600 , 1761742108026x685329439456231400 , 1761742057377x784709806988197900","Adote um Aluno – Solução Recifense Contra a Evasão Escolar","tiago.teixeira@recife.pe.gov.br","","","1761918865153x934431459045539800 , 1761919261060x672760441823559700 , 1761919485335x442428738905309200 , 1761919581377x742820705226457100"
"Elegível. Atende o público-alvo e a categoria. ","1761742057377x784709806988197900 , 1761742075865x914738701678673900 , 1761742085261x485672521572548600 , 1761742108026x685329439456231400","Programando o Futuro","evisson.lucena@recife.pe.gov.br","","","1761919446199x969848478645616600 , 1761919462793x891592959577555000 , 1761919487971x683241428236107800 , 1761919503108x754987123243745300"
"De acordo com a inscrição, projeto, viabilidade e utilidade.","1761742057377x784709806988197900 , 1761742075865x914738701678673900 , 1761742085261x485672521572548600 , 1761742108026x685329439456231400","Absens","tiago.teixeira@recife.pe.gov.br","","","1761919628253x690324056197038100 , 1761919631929x660867599544090600 , 1761919636184x515627662470807550 , 1761919643260x526711173458690050"
"Não existe uma inovação diretamente ligada a idéia.","1761742057377x784709806988197900 , 1761742075865x914738701678673900 , 1761742085261x485672521572548600 , 1761742108026x685329439456231400","VER-TI: Mobilidade que Inclui, Inova e Transforma","tiago.teixeira@recife.pe.gov.br","","","1761919808184x867819254909501400 , 1761919812211x807940424793063400 , 1761919852948x358376928238370800 , 1761931938506x560467440226795500"
"Um pouco ""arisco"" o propótio, podendo chegar a algum tipo de conflito, mas bem interessante.","1761742057377x784709806988197900 , 1761742075865x914738701678673900 , 1761742085261x485672521572548600 , 1761742108026x685329439456231400","Iguais, mas diferentes: medindo eficácia e equidade das escolas públicas brasileiras","tiago.teixeira@recife.pe.gov.br","","","1761920068343x301109116456140800 , 1761920072960x902181154983510000 , 1761920078818x841726938778959900 , 1761920089928x813207969235992600"
"Avaliação finalizada.","1761742057377x784709806988197900 , 1761742075865x914738701678673900 , 1761742085261x485672521572548600 , 1761742108026x685329439456231400","ESG VERDA","rafael.paula@recife.pe.gov.br","","","1761920085874x181235554035171330 , 1761920107147x809954872937152500 , 1761920132726x604290215901134800 , 1761920147629x569983130585530400"
"Coerente, aderente e de acordo com os objetivos.","1761742057377x784709806988197900 , 1761742075865x914738701678673900 , 1761742085261x485672521572548600 , 1761742108026x685329439456231400","CICLO SHINERAY DE INOVAÇÃO","tiago.teixeira@recife.pe.gov.br","","","1761920687584x636111091415646200 , 1761920704347x167950442125328400 , 1761920710078x542834005375713300 , 1761920715057x797276989224386600"
"Coeso, coerente, com adesão e propósito.","1761742057377x784709806988197900 , 1761742075865x914738701678673900 , 1761742085261x485672521572548600 , 1761742108026x685329439456231400","Brincadeiras, Brinquedos e Jogos no Desenvolvimento Cognitivo, Linguístico e Social de Crianças com Transtorno do Espectro Autista","tiago.teixeira@recife.pe.gov.br","","","1761920777975x223664651029446660 , 1761920798354x724397737235185700 , 1761920831314x587241028176838700 , 1761920837046x348671044899569660"
"Coeso, coerente, com adesão e propósito.","1761742057377x784709806988197900 , 1761742075865x914738701678673900 , 1761742085261x485672521572548600 , 1761742108026x685329439456231400","INOVAÇÃO NO TRATAMENTO DE PACIENTES NEUROATÍPICOS E PSIQUIÁTRICOS","tiago.teixeira@recife.pe.gov.br","","","1761920877392x900386744592498700 , 1761920881012x642396528873308200 , 1761920885898x852244182214639600 , 1761920890952x661915153748459500"
"Tem potencial, mas não acho que seja algo que teria muita inovação.","1761742057377x784709806988197900 , 1761742075865x914738701678673900 , 1761742085261x485672521572548600 , 1761742108026x685329439456231400","Ummix Ads – Conectando Dados, Mídia e Cidades Inteligentes","tiago.teixeira@recife.pe.gov.br","","","1761920913254x970567803371782100 , 1761920916663x735296062050009100 , 1761920948813x323880415230689300 , 1761920952970x993893658656768000"
"Um pouco confuso o prpósito misturado com o método","1761742057377x784709806988197900 , 1761742075865x914738701678673900 , 1761742085261x485672521572548600 , 1761742108026x685329439456231400","Do Conhecimento à Inovação: Ferramentas e Estratégias para Mapear Saberes, Processos e Capital de Conhecimento Institucional","tiago.teixeira@recife.pe.gov.br","","","1761921008826x412243939938009100 , 1761921014839x619050865392353300 , 1761921022032x480190877886054400 , 1761921026288x277453712380657660"
"Sem muita estruturação e com pouca inovação para a idéia compartilhada.","1761742057377x784709806988197900 , 1761742075865x914738701678673900 , 1761742085261x485672521572548600 , 1761742108026x685329439456231400","Vamos brincar? Seguros! Aperfeiçoamento nos processos de avaliação de produtos infantis com foco na segurança e na infraestrutura da qualidade","tiago.teixeira@recife.pe.gov.br","","","1761921171807x749862769506123800 , 1761921177607x939299475078250500 , 1761921184965x780662728491008000 , 1761921189971x407005749465841660"
"O programa é bom, consistente, mas lembra muito o embarque digital. Apesar de ter algumas nuâncias diferentes, mas no geral, é um forte candidato.","1761742057377x784709806988197900 , 1761742075865x914738701678673900 , 1761742085261x485672521572548600 , 1761742108026x685329439456231400","Desenvolvendo Talentos Tech e Inclusão Produtiva com o Programa Start Recife","tiago.teixeira@recife.pe.gov.br","","","1761921356783x691758703832727600 , 1761921360344x451816082675597300 , 1761921363723x358797137061871600 , 1761921366769x307373946690076700"
"Elegível por ser de Recife, se enquadrar no público alvo e a categoria está correta.","1761742057377x784709806988197900 , 1761742075865x914738701678673900 , 1761742085261x485672521572548600 , 1761742108026x685329439456231400","IPTU: um tributo que precisa sair do papel.","evisson.lucena@recife.pe.gov.br","","","1761921504725x497123367570636800 , 1761921530450x378977486096826400 , 1761921552675x823523231987925000 , 1761921579000x163321556519354370"
"O projeto cumpre aos requisitos de admissibilidade e elegibilidade definidos no regulamento do prêmio.","1761742057377x784709806988197900 , 1761742085261x485672521572548600 , 1761742108026x685329439456231400 , 1761742075865x914738701678673900","Projetos de Extensão com Base nos Objetivos de Desenvolvimento Sustentável (ODS) definidos pela ONU: Conectando Saberes Acadêmicos e Soluções Reais","hellen-ssilva@hotmail.com","","","1761921544446x450790509072875500 , 1761921636501x334370420611612700 , 1761921681597x880266881780154400 , 1762196394925x100125629779279870"
"Publico alvo ok! Startup de Recife e categoria correta. ","1761742057377x784709806988197900 , 1761742075865x914738701678673900 , 1761742085261x485672521572548600 , 1761742108026x685329439456231400","FH Data","evisson.lucena@recife.pe.gov.br","","","1761922202557x457151403954012160 , 1761922211920x102094655532040200 , 1761922294891x716620553644671000 , 1761922315771x359595744359612400"
"Teor interessante de relevância para a saúde pública.","1761742057377x784709806988197900 , 1761742075865x914738701678673900 , 1761742085261x485672521572548600 , 1761742108026x685329439456231400","Liga Acadêmica da Clínica Escola de Enfermagem: Transformando a Saúde Sexual e Reprodutiva das Mulheres através da Integração Ensino-Serviço.","tiago.teixeira@recife.pe.gov.br","","","1761931829490x699974565125947400 , 1761931842272x963000379761492000 , 1761931847332x565165991892615200 , 1761931852878x569732854411165700"
"Levar em consideração que já existe um projeto similar que ensaiou ser desenvolvido pela prefeitura e a questão da segurança por conta dos aparelhos e modus operandi.","1761742057377x784709806988197900 , 1761742075865x914738701678673900 , 1761742085261x485672521572548600 , 1761742108026x685329439456231400","CIRCUITO DIGITAL DA POESIA","tiago.teixeira@recife.pe.gov.br","","","1761935216028x116347336417869820 , 1761935219970x982588023778574300 , 1761935223282x406294407422672900 , 1761935226598x313786683872509950"
"A iniciativa está corretamente enquadrada na categoria escolhida e atende aos requisitos de elegibilidade do prêmio.","1761742057377x784709806988197900 , 1761742075865x914738701678673900 , 1761742085261x485672521572548600 , 1761742108026x685329439456231400","Transformação de biomassas em produtos de alto valore agregado","hellen-ssilva@hotmail.com","","","1761935364608x870698440062926800 , 1761935376354x235620124268691460 , 1761935431029x931188146247303200 , 1761935440653x128148694468395000"
"Tem potencial","1761742057377x784709806988197900 , 1761742075865x914738701678673900 , 1761742085261x485672521572548600 , 1761742108026x685329439456231400","Projeto Aconchego","tiago.teixeira@recife.pe.gov.br","","","1761935382293x133045241662930940 , 1761935385340x122826143388401660 , 1761935388626x602993071381545000 , 1761935393142x384881680350183400"
"Projeto com a mesma base do viva mais cidadania ","1761742057377x784709806988197900 , 1761742075865x914738701678673900 , 1761742085261x485672521572548600 , 1761742108026x685329439456231400","Trilha de Desenvolvimento da Pessoa Idosa Recife","tiago.teixeira@recife.pe.gov.br","","","1761935482328x551941032452816900 , 1761935485222x316307172254548000 , 1761935488259x623609856383254500 , 1761935492931x262585580702662660"
"Avaliação finalizada.","1761742057377x784709806988197900 , 1761742085261x485672521572548600 , 1761742075865x914738701678673900 , 1761742108026x685329439456231400","Gymtime Go ","rafael.paula@recife.pe.gov.br","","","1761935712194x226688780229935100 , 1761935747315x821620381632430100 , 1761935825917x644338564614062100 , 1761935838327x561182367888179200"
"relevante e interessante","1761742057377x784709806988197900 , 1761742075865x914738701678673900 , 1761742085261x485672521572548600 , 1761742108026x685329439456231400","Polpanet – Plataforma Digital de Integração da Cadeia Agroindustrial de Frutas e Derivados","tiago.teixeira@recife.pe.gov.br","","","1761936059280x663082982633111600 , 1761936064028x811357623142318100 , 1761936072880x722847284585824300 , 1761936078574x904894527294144500"
"Relevante","1761742057377x784709806988197900 , 1761742075865x914738701678673900 , 1761742085261x485672521572548600 , 1761742108026x685329439456231400","Rede Inova: Tecnologia e Inovação na Formação e Inclusão Social","tiago.teixeira@recife.pe.gov.br","","","1761936131641x802277995137204200 , 1761936134641x671447846336331800 , 1761936143799x219345824499892220 , 1761936149065x354399705770754050"
"um pouco de receio de não ser um total letramento digital, oriento uma outra análise antes da conclusão.","1761742057377x784709806988197900 , 1761742085261x485672521572548600 , 1761742075865x914738701678673900 , 1761742108026x685329439456231400","Programa FAST","tiago.teixeira@recife.pe.gov.br","","","1761936243921x816114524987064300 , 1761936260514x397685920346144800 , 1761936263885x172826873802522620 , 1761936271920x180355427068805100"
"A iniciativa está corretamente enquadrada na categoria escolhida e atende aos requisitos de admissibilidade e elegibilidade do prêmio.","1761742057377x784709806988197900 , 1761742075865x914738701678673900 , 1761742085261x485672521572548600 , 1761742108026x685329439456231400","Line: Sistema time-lapse com IA para cultivo embrionário","hellen-ssilva@hotmail.com","","","1761936617564x160774329781452800 , 1761936623060x307040472256217100 , 1761936641395x898971710879170600 , 1761936647699x533353245395386400"
"Projeto de Recife, atende o publico alvo e está na categoria correta. ","1761742057377x784709806988197900 , 1761742075865x914738701678673900 , 1761742085261x485672521572548600 , 1761742108026x685329439456231400","Projeto de Extensão Tecnológica (PET): Aproximação do Ensino Técnico às experiências do mundo do trabalho.","evisson.lucena@recife.pe.gov.br","","","1761937736913x159523076441636860 , 1761937775071x728689109548138500 , 1761937826964x314714198263726100 , 1761937846303x264593660964241400"
"Atende o público alvo, startup de Recife e está na categoria correta.","1761742057377x784709806988197900 , 1761742085261x485672521572548600 , 1761742108026x685329439456231400","Mosca Branca + GRE do Sertão do Vale do São Francisco ","evisson.lucena@recife.pe.gov.br","","","1761938103479x282787941844516860 , 1761938206977x741173052472819700 , 1761938228371x287356558546829300"
"Atende o público alvo, é de recife e a categoria está correta. ","1761742057377x784709806988197900 , 1761742075865x914738701678673900 , 1761742085261x485672521572548600 , 1761742108026x685329439456231400","Move's","evisson.lucena@recife.pe.gov.br","","","1761938644735x338080174242529300 , 1761938659321x861149698605187100 , 1761938702095x693172407500537900 , 1761938725650x889171407815573500"
"Avaliação finalizada.","1761742057377x784709806988197900 , 1761742075865x914738701678673900 , 1761742085261x485672521572548600 , 1761742108026x685329439456231400","Inova.Ação PCD CESAR","rafael.paula@recife.pe.gov.br","","","1761938955360x868299311887679500 , 1761938973148x688127703386685400 , 1761938994311x870795007126143000 , 1761939011020x574191711647694850"
"Elegível, porém sugiro a mudança de categoria para Startup Ascenção. ","1761742057377x784709806988197900 , 1761742075865x914738701678673900 , 1761742085261x485672521572548600 , 1761742108026x685329439456231400","Consultoria de agentes inteligentes ","evisson.lucena@recife.pe.gov.br","","","1761939192804x196576396917604350 , 1761939208941x914411859235569700 , 1761939367699x467500639070453760 , 1761939390201x928485106487132200"
"Atende o público alvo, ICT de Recife e com a categoria correta.","1761742057377x784709806988197900 , 1761742075865x914738701678673900 , 1761742085261x485672521572548600 , 1761742108026x685329439456231400","Batom Inteligente","evisson.lucena@recife.pe.gov.br","","","1761939790927x301132101123571700 , 1761939810229x228456620899696640 , 1761939868077x985056353834762200 , 1761939895985x487317648303456260"
"Avaliação finalizada.","1761742057377x784709806988197900 , 1761742075865x914738701678673900 , 1761742085261x485672521572548600 , 1761742108026x685329439456231400","Ai Vital – Inteligência Artificial para o Monitoramento de Pacientes Pós-Cirúrgicos","rafael.paula@recife.pe.gov.br","","","1761940091913x127457825702019070 , 1761940107977x872892709528666100 , 1761940150130x932819018898735100 , 1761940177637x293885089871298560"
"Avaliação finalizada.","1761742057377x784709806988197900 , 1761742075865x914738701678673900 , 1761742085261x485672521572548600 , 1761742108026x685329439456231400","BNCC para quê(m)? Uma pesquisa aplicada sobre a qualidade da Educação Infantil nas creches do Recife","rafael.paula@recife.pe.gov.br","","","1761940964994x583730476166676500 , 1761940983438x642481430731423700 , 1761941004552x949215254880714800 , 1761941018127x514985622573940740"
"Avaliação finalizada.","1761742057377x784709806988197900 , 1761742075865x914738701678673900 , 1761742085261x485672521572548600 , 1761742108026x685329439456231400","FUTURAS CIENTISTAS","rafael.paula@recife.pe.gov.br","","","1761941409253x469327635537985540 , 1761941417590x543842418449186800 , 1761941430705x464269285918507000 , 1761941442758x548258210278015000"
"Avaliação finalizada.","1761742057377x784709806988197900 , 1761742075865x914738701678673900 , 1761742085261x485672521572548600 , 1761742108026x685329439456231400","Homologação dos Conectores de Emendas Elétricas à Prova d’Água no Programa de Modernização e Padronização da Rede Semafórica e Lombadas Eletrônicas – CTTU Recife/PE","rafael.paula@recife.pe.gov.br","","","1762123264165x258720410192838660 , 1762123300223x751209920473071600 , 1762123310503x996688585238773800 , 1762123351948x770049169150705700"
"Conforme escrito, esta iniciativa deve mudar para outra categoria, ""Startup Ascenção"".","1761742057377x784709806988197900 , 1761742075865x914738701678673900 , 1761742085261x485672521572548600 , 1761742108026x685329439456231400","Hawk App: a evolução digital para gestão de projetos e obras","rafael.paula@recife.pe.gov.br","","","1762126194434x354154517239431200 , 1762126204087x340691365331992600 , 1762126475577x352785612689899500 , 1762172415191x991173005353680900"
"Como já registrado, Chamie confirmou o CNPJ da inscrita.","1761742057377x784709806988197900 , 1761742085261x485672521572548600 , 1761742075865x914738701678673900 , 1761742108026x685329439456231400","ZeaTech – Tecnologia Que Conecta Você a Um Futuro Sustentável","rafael.paula@recife.pe.gov.br","","","1762127547288x698171735839604700 , 1762127609035x872697331372523500 , 1762174982122x166113156315217920 , 1762175020406x873513242877755400"
"Análise realizada.","1761742057377x784709806988197900 , 1761742075865x914738701678673900 , 1761742085261x485672521572548600 , 1761742108026x685329439456231400","CASA ZERO","rafael.paula@recife.pe.gov.br","","","1762130652982x703600888943738900 , 1762130706458x930134854187090000 , 1762130717514x760888314415546400 , 1762130763869x458754242247917600"
"Análise realizada.","1761742057377x784709806988197900 , 1761742075865x914738701678673900 , 1761742085261x485672521572548600 , 1761742108026x685329439456231400","PORTO SOCIAL","rafael.paula@recife.pe.gov.br","","","1762132339243x873902209231224800 , 1762132358343x606290504403124200 , 1762132415572x754907024732979200 , 1762132436360x616322545599905800"
"Análise realizada.","1761742057377x784709806988197900 , 1761742075865x914738701678673900 , 1761742085261x485672521572548600 , 1761742108026x685329439456231400","Instituto Ipê","rafael.paula@recife.pe.gov.br","","","1762135259790x702499397439848400 , 1762135271263x811271579916828700 , 1762135283683x433876216932728800 , 1762135298207x912314668467617800"
"Precisa mudar para a categoria de ""Startup conectada com a Cidade"".","1761742057377x784709806988197900 , 1761742075865x914738701678673900 , 1761742085261x485672521572548600 , 1761742108026x685329439456231400","Valorização máxima de alimentos excedentes.","rafael.paula@recife.pe.gov.br","","","1762136041338x979884295208304600 , 1762136063604x146514984573861900 , 1762136143720x714489983415877600 , 1762172460390x101383464603877380"
"Análise realizada.","1761742057377x784709806988197900 , 1761742075865x914738701678673900 , 1761742085261x485672521572548600 , 1761742108026x685329439456231400","CESAR Summer Job","rafael.paula@recife.pe.gov.br","","","1762137092149x327393679262351360 , 1762137102323x786104490722066400 , 1762137133155x258665222491078660 , 1762137141217x461113823938478100"
"Análise finalizada.","1761742057377x784709806988197900 , 1761742075865x914738701678673900 , 1761742085261x485672521572548600 , 1761742108026x685329439456231400","Case Pitú – Transformação Digital em Marketplaces com IA e Estratégia AEIOU","rafael.paula@recife.pe.gov.br","","","1762174877053x853473930510598100 , 1762174888217x886802353709908000 , 1762174896775x605593092795400200 , 1762174906761x180801785998082050"
"Avaliação finalizada.","1761742057377x784709806988197900 , 1761742075865x914738701678673900 , 1761742085261x485672521572548600 , 1761742108026x685329439456231400","NÚCLEO DE INOVAÇÃO TECNOLÓGICA (NIT) - Estácio Recife","rafael.paula@recife.pe.gov.br","","","1762175734824x367447074857812000 , 1762175743021x929759067159396400 , 1762175769438x542507727922135040 , 1762175792163x670182058295558100"
"Como escrito no Critério 2, só se observa que no ato da inscrição, erraram o estado, colocando PA em vez de PE. Mas sendo reconhecida iniciativa do SENAC/PE, no Recife, não há dúvida da sua localização e aplicação.","1761742057377x784709806988197900 , 1761742075865x914738701678673900 , 1761742085261x485672521572548600 , 1761742108026x685329439456231400","i.de.i.a.S.: Ecossistema Colaborativo e de Inovação para Impulsionar Educação e Empreendedorismo","rafael.paula@recife.pe.gov.br","","","1762177749104x197609050025754620 , 1762177831467x934390936653267000 , 1762177844429x709787607189684200 , 1762177963519x674870886654279700"
"Avaliação finalizada.","1761742057377x784709806988197900 , 1761742075865x914738701678673900 , 1761742085261x485672521572548600 , 1761742108026x685329439456231400"," Porto+","rafael.paula@recife.pe.gov.br","","","1762178631781x423292673581383700 , 1762178645618x660986327351951400 , 1762178654921x864620898870624300 , 1762178665635x503816156144992260"
"Como registrado no critério 2 desta avaliação, ""a iniciativa inscrita foi uma das vencedoras do mesmo prêmio em 2024, o que impede a sua participação na presente edição (2025), conforme previsto no ponto 4.3 dos Requisitos de Admissibilidade do Edital de Chamamento Público n.º 003/2025 da SECTI (p. 3).""","1761742057377x784709806988197900 , 1761742085261x485672521572548600 , 1761742108026x685329439456231400 , 1761742075865x914738701678673900","Embarque Digital","rafael.paula@recife.pe.gov.br","","","1762179105528x870584542952685600 , 1762179335179x315022530725019650 , 1762179511843x933796540830187500 , 1762179533847x631912388467359700"
"O projeto atende aos requisitos de admissibilidade e elegibilidade definidos no edital do prêmio.","1761742057377x784709806988197900 , 1761742075865x914738701678673900 , 1761742085261x485672521572548600 , 1761742108026x685329439456231400","Matech Inova Simples I.S","hellen-ssilva@hotmail.com","","","1762180470831x152047655977484300 , 1762180495601x108080458624663550 , 1762180553410x503280283926659100 , 1762180563309x572367029922693100"
"Avaliação finalizada.","1761742057377x784709806988197900 , 1761742075865x914738701678673900 , 1761742085261x485672521572548600 , 1761742108026x685329439456231400","Academia SAP","rafael.paula@recife.pe.gov.br","","","1762180677105x383307359746785300 , 1762180693558x937995172342136800 , 1762181116294x875712152171184100 , 1762181133433x470317266889867260"
"O projeto cumpre os critérios de admissibilidade e elegibilidade definidos no edital do prêmio.","1761742057377x784709806988197900 , 1761742075865x914738701678673900 , 1761742085261x485672521572548600 , 1761742108026x685329439456231400","Círculo de Cultura Digital: Inclusão Digital da Pessoa Idosa pela Extensão Universitária","hellen-ssilva@hotmail.com","","","1762181395307x467596889019908100 , 1762181401228x499819197365747700 , 1762181409266x303456964973953000 , 1762181415301x770932333675544600"
"O projeto cumpre os critérios de admissibilidade e elegibilidade definidos no edital do prêmio.","1761742057377x784709806988197900 , 1761742075865x914738701678673900 , 1761742085261x485672521572548600 , 1761742108026x685329439456231400","Projeto para Reabilitação de Áreas Centrais","hellen-ssilva@hotmail.com","","","1762182150514x559400118077620200 , 1762182186380x620599356069511200 , 1762182370186x592641406489067500 , 1762182376468x481006745335365600"
"A iniciativa cumpre aos requisitos de admissibilidade e elegibilidade definidos no regulamento do prêmio.","1761742057377x784709806988197900 , 1761742075865x914738701678673900 , 1761742085261x485672521572548600 , 1761742108026x685329439456231400","Parque Tecnológico e Científico da Universidade Federal de Pernambuco (Parque.TeC UFPE)","hellen-ssilva@hotmail.com","","","1762183220388x177844792707252220 , 1762183227162x942926553047367700 , 1762183234402x182911329981693950 , 1762183241334x710106741599109100"
"O projeto atende aos critérios de elegibilidade e admissibilidade do prêmio. Entretanto, a categoria indicada (Inovação Empresarial) não é a mais adequada. Deverá concorrer na categoria Instituição de Ensino e/ou Pesquisa Inovadora.","1761742057377x784709806988197900 , 1761742075865x914738701678673900 , 1761742085261x485672521572548600 , 1761742108026x685329439456231400","Bootcamp de Inovação","hellen-ssilva@hotmail.com","","","1762184205297x470835225961168900 , 1762184213498x895658640063070200 , 1762185594708x524516950485499900 , 1762185619461x401126023626752000"
"O projeto cumpre os critérios de admissibilidade e elegibilidade definidos no edital do prêmio.","1761742057377x784709806988197900 , 1761742075865x914738701678673900 , 1761742085261x485672521572548600 , 1761742108026x685329439456231400","Unidade Ecotecnológica Experimental do Recife","hellen-ssilva@hotmail.com","","","1762187301594x744234799780069400 , 1762187308045x821160449835532300 , 1762187315601x847068112019783700 , 1762187323059x773887940258955300"
"O projeto cumpre aos requisitos de admissibilidade e elegibilidade definidos no regulamento do prêmio.","1761742057377x784709806988197900 , 1761742075865x914738701678673900 , 1761742085261x485672521572548600 , 1761742108026x685329439456231400","PROGRAMA DE QUALIFICAÇÃO GRATUITA","hellen-ssilva@hotmail.com","","","1762187629804x196617606075514880 , 1762187637737x200407930267762700 , 1762187666549x556241200971776000 , 1762187673384x267065293062799360"
"A plataforma cumpre aos requisitos de admissibilidade e elegibilidade definidos no edital do prêmio.","1761742057377x784709806988197900 , 1761742075865x914738701678673900 , 1761742085261x485672521572548600 , 1761742108026x685329439456231400","Flagr","hellen-ssilva@hotmail.com","","","1762188033149x494530403668852740 , 1762188039616x506028427315249150 , 1762188047451x519712114482872300 , 1762188054832x115253180895854600"
"A iniciativa cumpre aos requisitos de admissibilidade e elegibilidade definidos no regulamento do prêmio.","1761742057377x784709806988197900 , 1761742075865x914738701678673900 , 1761742085261x485672521572548600 , 1761742108026x685329439456231400","Programando o Futuro","hellen-ssilva@hotmail.com","","","1762188464340x729040379592310800 , 1762188469560x209469215464226800 , 1762188477040x825718681011486700 , 1762188485315x999145234862178300"
"O projeto cumpre aos critérios definidos no regulamento do prêmio.","1761742057377x784709806988197900 , 1761742085261x485672521572548600 , 1761742075865x914738701678673900 , 1761742108026x685329439456231400","INNOVATION JOURNEY","hellen-ssilva@hotmail.com","","","1762189285038x342099731202703360 , 1762189299809x487726445179699200 , 1762189763818x210228028296396800 , 1762189914046x379202387544113150"
"A iniciativa cumpre aos requisitos de admissibilidade e elegibilidade definidos no regulamento do prêmio.","1761742057377x784709806988197900 , 1761742075865x914738701678673900 , 1761742085261x485672521572548600 , 1761742108026x685329439456231400","CETENE: PROMOTOR DA INOVAÇÃO PARA O DESENVOLVIMENTO SUSTENTÁVEL E INCLUSIVO DO NORDESTE","hellen-ssilva@hotmail.com","","","1762190323523x152357840386785280 , 1762190328355x403257423330017300 , 1762190334612x183189066432380930 , 1762190341933x811999313025040400"
"A iniciativa cumpre aos requisitos de admissibilidade e elegibilidade definidos no regulamento do prêmio.","1761742057377x784709806988197900 , 1761742075865x914738701678673900 , 1761742085261x485672521572548600 , 1761742108026x685329439456231400","Keycore: tornando MVPs acessíveis e escaláveis com agilidade","hellen-ssilva@hotmail.com","","","1762190669915x958635210807705600 , 1762190675423x620730721901740000 , 1762190681215x624244807582089200 , 1762190688083x517197305941327900"
"A submissão está apta a seguir no processo.","1761742057377x784709806988197900 , 1761742075865x914738701678673900 , 1761742108026x685329439456231400","Quark","adeildo.barros@recife.pe.gov.br","","","1762190915280x215992848541024260 , 1762190968814x991758911746867200 , 1762190978133x814466922561142800"
"A iniciativa cumpre aos requisitos de admissibilidade e elegibilidade definidos no edital do prêmio.","1761742057377x784709806988197900 , 1761742075865x914738701678673900 , 1761742085261x485672521572548600 , 1761742108026x685329439456231400","Liga FFPE - Liga Free Fire Pernambuco","hellen-ssilva@hotmail.com","","","1762191534975x846715463466483700 , 1762191540183x561548110327709700 , 1762191545882x108643258173751300 , 1762191553450x273301727078514700"
"O projeto cumpre aos requisitos de admissibilidade e elegibilidade definidos no regulamento do prêmio.","1761742057377x784709806988197900 , 1761742075865x914738701678673900 , 1761742085261x485672521572548600 , 1761742108026x685329439456231400","Motive - Módulo de Telhado Inovador Verde Extensivo","hellen-ssilva@hotmail.com","","","1762192520538x759189889102381000 , 1762192527228x659067713749516300 , 1762192890235x726566541767475200 , 1762192933636x902683856578805800"
"O projeto atende aos critérios de admissibilidade e elegibilidade. No entanto, a categoria indicada (Empreendedorismo Social), não é a mais adequada. 
Recomenda-se que o projeto concorra na categoria Letramento Digital.","1761742057377x784709806988197900 , 1761742075865x914738701678673900 , 1761742085261x485672521572548600 , 1761742108026x685329439456231400","Berlim Social","hellen-ssilva@hotmail.com","","","1762194264222x648242272846741500 , 1762194272099x754021667503341600 , 1762194492405x552551905867595800 , 1762194626910x622842064059760600"
"O projeto atendeu aos requisitos de admissibilidade e elegibilidade definidos no regulamento do prêmio.","1761742057377x784709806988197900 , 1761742075865x914738701678673900 , 1761742085261x485672521572548600 , 1761742108026x685329439456231400","Banho do Bem","hellen-ssilva@hotmail.com","","","1762194813998x356478995215941600 , 1762194819686x441577762929770500 , 1762194825372x697014217009266700 , 1762194832125x273250203869904900"
"Não elegível por está inscrita na categoria errada. 
Na minha opinião deveria ter se inscrito para inovação empresarial ou esg, mas vale a pena uma reavaliação pelos demais.","1761742057377x784709806988197900 , 1761742075865x914738701678673900 , 1761742085261x485672521572548600 , 1761742108026x685329439456231400","DESENVOLVIMENTO DE UM REMOVEDOR BIODEGRADÁVEL PARA APLICAÇÃO NA LIMPEZA DE PETRODERIVADOS DERRAMADOS EM OCEANOS","tiago.teixeira@recife.pe.gov.br","","","1762194851445x980202734504902700 , 1762194855652x392454324732559360 , 1762194860543x268548270309244930 , 1762194886459x194131679711854600"
"Particularmente não achei de muita valia a solução, mas está dentro das diretrizes para poder concorrer.","1761742057377x784709806988197900 , 1761742075865x914738701678673900 , 1761742085261x485672521572548600 , 1761742108026x685329439456231400","ParkFinder","tiago.teixeira@recife.pe.gov.br","","","1762195014679x124954295030251520 , 1762195020094x397073867015716860 , 1762195024503x368910098813943800 , 1762195029235x251637827474817020"
"Na minha opinião não é elegível por se tratar da mesma iniciativa do GO Recife e GO MEI.","1761742057377x784709806988197900 , 1761742075865x914738701678673900 , 1761742085261x485672521572548600 , 1761742108026x685329439456231400","Tarefas Perto","tiago.teixeira@recife.pe.gov.br","","","1762195121600x814544983697653800 , 1762195128617x112232221296033800 , 1762195134799x349886482746441700 , 1762195140663x792847223804919800"
"A iniciativa cumpre aos requisitos de admissibilidade e elegibilidade definidos no regulamento do prêmio.","1761742057377x784709806988197900 , 1761742075865x914738701678673900 , 1761742085261x485672521572548600 , 1761742108026x685329439456231400","HUB SESC de Tecnologia Sociais","hellen-ssilva@hotmail.com","","","1762195505958x775880832805503000 , 1762195511308x165143338216587260 , 1762195523197x532768388104060900 , 1762195531199x645753589401124900"
"O projeto cumpre aos requisitos de admissibilidade e elegibilidade definidos no regulamento do prêmio.","1761742057377x784709806988197900 , 1761742075865x914738701678673900 , 1761742085261x485672521572548600 , 1761742108026x685329439456231400","Sebrae ESG","hellen-ssilva@hotmail.com","","","1762195679436x337893343567544300 , 1762195686504x407506567131037700 , 1762195693356x461099969756790800 , 1762195701334x723574690851848200"
"Não foi possível localizar o CNPJ. Recomendo entrar em contato para verificar se a instituição possui CNPJ ativo no Município do Recife, conforme requisito do edital.","1761742085261x485672521572548600 , 1761742057377x784709806988197900 , 1761742108026x685329439456231400 , 1761742075865x914738701678673900","Case de Empreendedorismo  Social","hellen-ssilva@hotmail.com","","","1762195878650x973729873664409600 , 1762196002663x638070391008133100 , 1762196133428x662695274569793500 , 1762196239989x407401115125022700"
"Empresa esta elegida por critérios do edital, porem não possui entregas reais e Impacto comprovavel a cidade e cidadãos","1761742057377x784709806988197900 , 1761742075865x914738701678673900 , 1761742085261x485672521572548600 , 1761742108026x685329439456231400","DOSE VERDE — Regeneração, Educação Ambiental e Economia de Carbono Azul","cesararaujo569@gmail.com","","","1762207028823x620786544234463200 , 1762207232502x602418579397673000 , 1762207296378x691722568483471400 , 1762207619281x605994988336316400"
"A empresa preencheu adequadamente todos os campos, e tem experiencia comporvada por material cedido no processo de inscrição ao prêmio.","1761742057377x784709806988197900 , 1761742075865x914738701678673900 , 1761742085261x485672521572548600 , 1761742108026x685329439456231400","Quark","cesararaujo569@gmail.com","","","1762207674844x461317137749770240 , 1762207679632x815576314300334000 , 1762207688565x831868673813643300 , 1762207694577x508347794786615300"
"A Startup esta elegida por critérios do edital.","1761742057377x784709806988197900 , 1761742075865x914738701678673900 , 1761742085261x485672521572548600 , 1761742108026x685329439456231400","Bora Partilhar Mais","cesararaujo569@gmail.com","","","1762208262221x823588693088665600 , 1762208266266x827303727486992400 , 1762208270204x755935503132917800 , 1762208279603x127793262086062080"
"A startup preencheu adequadamente todos os campos, e tem experiencia comporvada por material cedido no processo de inscrição ao prêmio.","1761742057377x784709806988197900 , 1761742075865x914738701678673900 , 1761742085261x485672521572548600 , 1761742108026x685329439456231400","Conecta Patinhas","cesararaujo569@gmail.com","","","1762208457538x786390327720411100 , 1762208470121x543004746154508300 , 1762208475288x895132090743914500 , 1762208480671x771048247510696000"
"DESCLASSIFICADA CONFORME ITEM 4.1.1 DO EDITAL ","1761742057377x784709806988197900 , 1761742085261x485672521572548600 , 1761742075865x914738701678673900 , 1761742108026x685329439456231400","Cozinha solidária ","cesararaujo569@gmail.com","","","1762208783705x191848753549803520 , 1762208948591x646399986054987800 , 1762208963969x663293727877365800 , 1762209152655x574115908744642560"
"A startup preencheu adequadamente todos os campos, e tem experiencia comporvada por material cedido no processo de inscrição ao prêmio.","1761742057377x784709806988197900 , 1761742075865x914738701678673900 , 1761742085261x485672521572548600 , 1761742108026x685329439456231400","Beyond Company","cesararaujo569@gmail.com","","","1762209306447x691331975093682200 , 1762209309698x975553972528218100 , 1762209313730x659977115284013000 , 1762209319229x460397019847196700"
"A empresa preencheu adequadamente todos os campos, e tem experiencia comporvada por material cedido no processo de inscrição ao prêmio.","1761742057377x784709806988197900 , 1761742075865x914738701678673900 , 1761742085261x485672521572548600 , 1761742108026x685329439456231400","Territórios inovadores e sustentáveis  (Matriz Energética Limpa no Porto Digital) ","cesararaujo569@gmail.com","","","1762209801715x110012813013942270 , 1762209804427x239414014936350720 , 1762209808581x495209899705761800 , 1762209895028x262190403805511680"
"A empresa preencheu adequadamente todos os campos, e tem experiencia comporvada por material cedido no processo de inscrição ao prêmio.","1761742057377x784709806988197900 , 1761742075865x914738701678673900 , 1761742085261x485672521572548600 , 1761742108026x685329439456231400","Doca - Frente de Inovação Aberta do Porto Digital","cesararaujo569@gmail.com","","","1762209986071x508995627641733100 , 1762209989436x322315823603777540 , 1762209995754x673139967849398300 , 1762210052038x906400379394326500"
"Sim, elegivel, devendo apenas ser transferida para a categoria de Esquisa & Extensão","1761742057377x784709806988197900 , 1761742075865x914738701678673900 , 1761742085261x485672521572548600 , 1761742108026x685329439456231400"," Curativo Bioadesivo inovador de base nanotecnológica capaz de promover liberação controlada e prolongada de fármacos","cesararaujo569@gmail.com","","","1762210255837x376668159488819200 , 1762210261855x233264362715873300 , 1762210283599x741399253643952100 , 1762210302048x718976587031642100"
"A iniciativa preencheu adequadamente todos os campos","1761742057377x784709806988197900 , 1761742075865x914738701678673900 , 1761742085261x485672521572548600 , 1761742108026x685329439456231400","GO DELAS","cesararaujo569@gmail.com","","","1762210624120x821410117873303600 , 1762210629302x639103214262681600 , 1762210634985x661420154329235500 , 1762210639219x380371097992036350"
"A institução preencheu adequadamente todos os campos.","1761742057377x784709806988197900 , 1761742075865x914738701678673900 , 1761742085261x485672521572548600 , 1761742108026x685329439456231400","Colégio Núcleo (Geração Solidária)","cesararaujo569@gmail.com","","","1762210738535x895922718522212400 , 1762210742081x529279047358742500 , 1762210745435x895620999424245800 , 1762210751085x438480521211412500"
"Iniciativa Vencedora na edição 2024 - Desclacificada de acordo com item:
4.3 Não poderão participar desta edição do Prêmio Recife de Inovação as iniciativas que
tenham sido premiadas na edição anterior, realizada em 2024. Exemplo: Em 2024 a iniciativa
XPTO foi vencedora de uma categoria, neste ano a iniciativa XPTO não poderá ser
submetida - mas a organização pode inscrever outros projetos da entidade.","1761742057377x784709806988197900 , 1761742075865x914738701678673900 , 1761742085261x485672521572548600 , 1761742108026x685329439456231400","Rec´n Play","cesararaujo569@gmail.com","","","1762210983914x447698315113922600 , 1762210993631x849166289480450000 , 1762210998212x795771153084317700 , 1762211031341x508771169105084400"
"A iniciativa preencheu adequadamente todos os campos","1761742057377x784709806988197900 , 1761742075865x914738701678673900 , 1761742085261x485672521572548600 , 1761742108026x685329439456231400","iProtech SOS — Plataforma de identificação inteligente para cidades mais seguras e humanizadas","cesararaujo569@gmail.com","","","1762211920834x413384849598447600 , 1762211924264x963211708359770100 , 1762211928319x216986115835953150 , 1762211932168x541840083804487700"
"Poderia certamente estar vinculada a mais eixos: Deep Tech Destaque ou Case de Inovação Empresarial.","1761742057377x784709806988197900 , 1761742075865x914738701678673900 , 1761742085261x485672521572548600 , 1761742108026x685329439456231400","NaviSmart – Plataforma Integrada de inteligência artificial e Navegação clínica para Detecção Precoce do Câncer","cesararaujo569@gmail.com","","","1762212411150x418911422053613600 , 1762212416447x510170006454796300 , 1762212493267x849347854685962200 , 1762212502126x575595625141239800"
"A institução preencheu adequadamente todos os campos. ","1761742057377x784709806988197900 , 1761742075865x914738701678673900 , 1761742085261x485672521572548600 , 1761742108026x685329439456231400","MeMaker: Caminhos Criativos para a Inclusão Produtiva de Jovens","cesararaujo569@gmail.com","","","1762212550234x825299954522128400 , 1762212554250x378933325521485800 , 1762212558334x307104990574673900 , 1762212564716x334132426015768600"
"Classificada desde que ocorra a mudança de categoria para Startup conectada com a Cidade","1761742057377x784709806988197900 , 1761742075865x914738701678673900 , 1761742085261x485672521572548600 , 1761742108026x685329439456231400","Inovação empresarial ","cesararaujo569@gmail.com","","","1762213114061x151701149881991170 , 1762213127243x469843852078088200 , 1762213140226x500463116886999040 , 1762213161471x169059706372620300"
"A institução preencheu adequadamente todos os campos.
","1761742108026x685329439456231400 , 1761742085261x485672521572548600 , 1761742075865x914738701678673900 , 1761742057377x784709806988197900","Educação Ambiental e Sustentabilidade Corporativa","cesararaujo569@gmail.com","","","1762213271122x996791951335096300 , 1762213274042x226877242707017730 , 1762213276925x546304904792899600 , 1762213280056x426432256006684700"
"A institução preencheu adequadamente todos os campos.","1761742075865x914738701678673900 , 1761742085261x485672521572548600 , 1761742108026x685329439456231400","INOVAREPE - A JORNADA UPE/UFEPE DE INOVAÇÃO ABERTA GOVTECH","cesararaujo569@gmail.com","","","1762224682634x522868127610961900 , 1762224685548x110863736190533630 , 1762224711122x226585506545926140"
"A institução preencheu adequadamente todos os campos.","1761742057377x784709806988197900 , 1761742075865x914738701678673900 , 1761742085261x485672521572548600 , 1761742108026x685329439456231400","Naga.IA","cesararaujo569@gmail.com","","","1762224997171x487192959124766700 , 1762225003752x830774013573988400 , 1762225009297x955331703687348200 , 1762225020063x452290882683273200"
"A institução preencheu adequadamente todos os campos.","1761742057377x784709806988197900 , 1761742075865x914738701678673900 , 1761742085261x485672521572548600 , 1761742108026x685329439456231400","Movimento Empresa Junior Pernambucano","cesararaujo569@gmail.com","","","1762225204015x434249215053922300 , 1762225209795x608615132943876100 , 1762225213849x523785973703376900 , 1762225217118x804010087837859800"
