"anexos","apoio_oferecido","area_tematica_oportunidade","ativo","Categorias","data_abertura","Data de abertura das inscrições"
"//2eb0cd16e008139946c2510a2de49dd6.cdn.bubble.io/f1739908307814x802176708841094700/EDITAL%20-%20Desafio%20Shineray.docx%20%283%29.pdf","Programas de aceleração","Indústria e manufatura , Tecnologia da informação e comunicação","não","IoT , LogTech , Deep Tech , Automotivo e Mobilidade , Operação , Escala , Inovação Aberta , destaque","",""
"","","","não","LogTech , GovTech , Governo e Poder Público , Logística e Transportes , Processos , destaque","",""
"","","","não","GovTech , Tecnologia da Informação , Gestão , Processos","",""
"","","","não","LogTech , GovTech , Governo e Poder Público , Logística e Transportes , Indústria e Transformação , Processos","",""
"","","","não","GovTech , Governo e Poder Público , Logística e Transportes , Indústria e Transformação , Tecnologia da Informação","",""
"","","","não","IoT , LogTech , Logística e Transportes , Tecnologia da Informação","",""
"","","","não","Gestão e Consultoria , Logística e Transportes , Tecnologia da Informação , Gestão , Processos","",""
"","","","não","Gestão e Consultoria , Logística e Transportes , Tecnologia da Informação , Processos","",""
"//2eb0cd16e008139946c2510a2de49dd6.cdn.bubble.io/f1736798832063x226575166238961250/CICLO%2002%20-%20PROGRAMA%20CATALISA%20ICT%20-%20EDITAL%20Etapa%2001%20%E2%80%93%20Mobilizar%20e%20Aprender_VF.pdf","","","não","Deep Tech , Universidade , Fomento , destaque","",""
"","","","não","Capital e Investimentos , Aceleração","",""
"//2eb0cd16e008139946c2510a2de49dd6.cdn.bubble.io/f1737749664980x549750974666093600/Fast%20Motion.pdf","","","não","Social Impact , Sociedade e Meio Ambiente , Incubação","",""
"","","","não","Agronegócio , Sociedade e Meio Ambiente , Negócio Social , Aceleração","",""
"","","","não","Indústria e Transformação , Financiamento","",""
"","","","não","Varejo e Atacado , Comunidade , Fomento","",""
"//2eb0cd16e008139946c2510a2de49dd6.cdn.bubble.io/f1738091755282x567898506167782600/edital%20pre-incubacao.pdf.crdownload , //2eb0cd16e008139946c2510a2de49dd6.cdn.bubble.io/f1747748227851x839754452376888000/EDITAL-INCUBACAO.PDF","","","não","Social Impact , Tecnologia da Informação , Fomento , Incubação , destaque","",""
"//2eb0cd16e008139946c2510a2de49dd6.cdn.bubble.io/f1738093185650x844946737819138200/edital%20shell%20iniciativa%20jovens.pdf","","","não","Social Impact , Sociedade e Meio Ambiente , Fomento , Aceleração","",""
"","","","não","AgTech ,  Cleantech ,  Sociedade e Meio Ambiente ,  Gestão ,  Inovação Aberta","",""
"//2eb0cd16e008139946c2510a2de49dd6.cdn.bubble.io/f1742230295716x811245304168501000/V%20Final%20Edital%20Agro%204.0%20Edi%C3%A7%C3%A3o%20AgroBras%C3%ADlia%2013.03.pdf","","","não","Biotech , IoT , Agronegócio , Tecnologia da Informação","",""
"","","","não","Energia , Indústria e Transformação , Sociedade e Meio Ambiente , Negócio Social , Financiamento , Fomento","",""
"","","","não","Indústria e Transformação , ICT , Universidade , Financiamento , Fomento","",""
"//2eb0cd16e008139946c2510a2de49dd6.cdn.bubble.io/f1739295191314x740094697318115100/edital%20desafio%20LED.pdf","","","não","Social Impact , Educação , Comunidade , Fomento","",""
"//2eb0cd16e008139946c2510a2de49dd6.cdn.bubble.io/f1739296433608x537544893031693950/edital%20inova%20PE.pdf","","","não","Capital e Investimentos , Gestão e Consultoria , Tecnologia da Informação , Fomento","",""
"//2eb0cd16e008139946c2510a2de49dd6.cdn.bubble.io/f1739299596972x409254618004634400/edital%20premio%20sebrae.pdf","","","não","Agronegócio , Capital e Investimentos , Indústria e Transformação , Sociedade e Meio Ambiente , Aceleração","",""
"","","","não","Capital e Investimentos , Aceleração","",""
"","","","não","Gestão e Consultoria , Sociedade e Meio Ambiente , Negócio Social , Aceleração","",""
"//2eb0cd16e008139946c2510a2de49dd6.cdn.bubble.io/f1739389736601x336633490982388300/edital%20brde%20labs.pdf","","","não","Tecnologia da Informação , Aceleração , Inovação Aberta","",""
"","","","não","Capital e Investimentos , Gestão e Consultoria , Fomento","",""
"//2eb0cd16e008139946c2510a2de49dd6.cdn.bubble.io/f1739469508762x594579685889114400/edital%20e-goias.pdf","","","não","Gestão e Consultoria , Tecnologia da Informação , Fomento , Aceleração","",""
"","","","não","Governo e Poder Público , Sociedade e Meio Ambiente , Tecnologia da Informação , Inovação Aberta","",""
"","","","não","Social Impact , Capital e Investimentos , Fomento , Inovação Aberta","",""
"","","Educação , Tecnologia da informação e comunicação , Gestão do conhecimento","sim","Educação , Capital e Investimentos , Logística e Transportes , Internacionalização , destaque","","Mar 18, 2026 11:30 am"
"","","","não","Social Impact , ICT , Internacionalização , Financiamento , Pesquisa","",""
"","","","não","Social Impact , Sociedade e Meio Ambiente , Tecnologia da Informação , Inovação Aberta","",""
"//2eb0cd16e008139946c2510a2de49dd6.cdn.bubble.io/f1739988682444x750545204862396200/edital%20launch.pdf , //2eb0cd16e008139946c2510a2de49dd6.cdn.bubble.io/f1739988711121x443211225805798500/edital%20launch.pdf","","","não","Capital e Investimentos , Financiamento , Aceleração","",""
"","","","não","Capital e Investimentos , Gestão e Consultoria , Aceleração","",""
"//2eb0cd16e008139946c2510a2de49dd6.cdn.bubble.io/f1740076284223x798243929048021900/edital%20descarbonizacao.pdf","","","não","Crédito e Finanças , Energia , Indústria e Transformação , Fomento","",""
"//2eb0cd16e008139946c2510a2de49dd6.cdn.bubble.io/f1740077428632x978329706401873400/edital%20conhecimento%20brasil.pdf","","","não","Educação , Crédito e Finanças , ICT , Fomento","",""
"//2eb0cd16e008139946c2510a2de49dd6.cdn.bubble.io/f1740078270244x523622103566046460/edital%20ics.pdf","","","não","Energia , Indústria e Transformação , Sociedade e Meio Ambiente , Inovação Aberta","",""
"//2eb0cd16e008139946c2510a2de49dd6.cdn.bubble.io/f1740588463415x403612932527326500/04_03_2024_TC_Regulamento_Rerratificado.pdf.crdownload","","","não","Tecnologia da Informação , ICT , Fomento","",""
"//2eb0cd16e008139946c2510a2de49dd6.cdn.bubble.io/f1740590744370x187667591910465340/plataforma_inovacao_2022_31032022_errata_29012024_vfinal.pdf","","","não","Indústria e Transformação , Tecnologia da Informação , Financiamento","",""
"//2eb0cd16e008139946c2510a2de49dd6.cdn.bubble.io/f1740594541265x365894773317113600/02_01_2024_Regulamento_do_Programa_Finep_Startup.pdf.crdownload","","","não","Capital e Investimentos , Financiamento , Aceleração","",""
"","","","não","Indústria e Transformação , Sociedade e Meio Ambiente , Aceleração , Inovação Aberta","",""
"","","","não","HealthTech ,  Tecnologia da Informação ,  Inovação Aberta ,  Gestão ,  Startups","",""
"","","","não","Governo e Poder Público , Saúde e Bem-estar , Inovação Aberta , eita , destaque , ODS 3","",""
"","","","não","Governo e Poder Público , Sociedade e Meio Ambiente , Segurança e Defesa  , Inovação Aberta , eita , destaque , ODS 11 , ODS 12","",""
"","","","não","Alimentos e Bebidas , Governo e Poder Público , Inovação Aberta , eita , destaque , ODS 2 , ODS 12","",""
"","","","não","Governo e Poder Público , Inovação Aberta , eita , destaque , ODS 9 , ODS 10","",""
"//2eb0cd16e008139946c2510a2de49dd6.cdn.bubble.io/f1741970666415x402160128310881340/Edital%20Competi%C3%A7%C3%A3o%20de%20Empreendedorismo%20na%20China%20-%20Documentos%20Google.pdf","","","não","Capital e Investimentos , Tecnologia da Informação , Financiamento","",""
"//2eb0cd16e008139946c2510a2de49dd6.cdn.bubble.io/f1741972252056x912297783231329500/29_01_2025_CT2024_Rerratificacao.pdf.crdownload","","","não","Energia , Sociedade e Meio Ambiente , Pesquisador , Tecnologia da Informação , ICT","",""
"","","","não","Educação , Crédito e Finanças , Tecnologia da Informação , Aceleração","",""
"","","","não","Negócio Social , Fomento , Aceleração","",""
"","","","não","Pesquisador , ICT , Fomento","",""
"","","","não","Social Impact , Governo e Poder Público , Comunidade , Tecnologia da Informação","",""
"","","","não","Capital e Investimentos , Telecomunicações , Aceleração , Inovação Aberta","",""
"","","","não","Educação , Gestão e Consultoria , Comunidade , Aceleração , Inovação Aberta","",""
"","","","não","Capital e Investimentos , Tecnologia da Informação , Aceleração , Inovação Aberta","",""
"","","","não","Capital e Investimentos , Comunidade , Aceleração","",""
"","","","não","AgTech , IoT , Agronegócio , Sociedade e Meio Ambiente","",""
"","","","não","Crédito e Finanças , Capital e Investimentos , Tecnologia da Informação , Financiamento","",""
"//2eb0cd16e008139946c2510a2de49dd6.cdn.bubble.io/f1742911943156x520262535998574660/Programa%20de%20Incuba%C3%A7%C3%A3o%20de%20NITs%20-%20Prefeitura%20do%20Recife.pdf , //2eb0cd16e008139946c2510a2de49dd6.cdn.bubble.io/f1742912700431x231961283589338750/Regulamento%20do%20Programa%20de%20Incuba%C3%A7%C3%A3o%20dos%20NITs.docx%20%281%29.pdf","","","não","Governo e Poder Público , Incubação , NIT","",""
"","","","não","HealthTech , Saúde e Bem-estar , Pesquisador , Fomento","",""
"","","","não","Indústria e Transformação , Tecnologia da Informação , Financiamento","",""
"","","","não","Agronegócio , Alimentos e Bebidas , Sociedade e Meio Ambiente , Aceleração","",""
"","","","não","Gestão e Consultoria , Aceleração , Inovação Aberta","",""
"","","","não","Sociedade e Meio Ambiente , Negócio Social , Tecnologia da Informação , Aceleração","",""
"//2eb0cd16e008139946c2510a2de49dd6.cdn.bubble.io/f1743614026568x549093760614168400/07_03_2025_3a_Rerratificacao_Regulamento.odt","","","não","Indústria e Transformação , Sociedade e Meio Ambiente , Financiamento , Fomento","",""
"//2eb0cd16e008139946c2510a2de49dd6.cdn.bubble.io/f1743615771429x433738320676704260/29012024_DEFESA_Edital.odt","","","não","Indústria e Transformação , Segurança e Defesa  , Financiamento","",""
"//2eb0cd16e008139946c2510a2de49dd6.cdn.bubble.io/f1743619718541x311319347579892800/30_01_2023_PI_Rerratiticacao.odt","","","não","Gestão e Consultoria , Indústria e Transformação , Financiamento","",""
"","","","não","Capital e Investimentos , Indústria e Transformação , Telecomunicações , Tecnologia da Informação","",""
"","","","não","Social Impact , Educação , Comunidade , Tecnologia da Informação","",""
"","","","não","Capital e Investimentos , Governo e Poder Público , Hotelaria e Turismo , Tecnologia da Informação","",""
"","","","não","Energia , Sociedade e Meio Ambiente","",""
"//2eb0cd16e008139946c2510a2de49dd6.cdn.bubble.io/f1743708389740x216720533679178200/10cc4921a3f68b058c2b4cf560697377.jpg","","","não","Capital e Investimentos , Tecnologia da Informação , Aceleração","",""
"//2eb0cd16e008139946c2510a2de49dd6.cdn.bubble.io/f1743785628258x659197452179884900/18032025_Edital_2564395_SEI_2561374_Edital_n__3_2025.pdf","","","não","Educação , Tecnologia da Informação , Universidade , Fomento","",""
"","","","não","Educação , Capital e Investimentos , Tecnologia da Informação","",""
"","","","não","Capital e Investimentos , Tecnologia da Informação , ICT , Financiamento","",""
"//2eb0cd16e008139946c2510a2de49dd6.cdn.bubble.io/f1744304038993x835551402425981600/EDITAL%20DESAFIO%20DE%20INOVA%C3%87%C3%83O%20ABERTA%20N%C2%BA%2001.docx.pdf","","","não","HealthTech , Saúde e Bem-estar , Financiamento , Inovação Aberta","",""
"//2eb0cd16e008139946c2510a2de49dd6.cdn.bubble.io/f1744306298743x611924769583072100/EDITAL%20DE%20TRA%C3%87%C3%83O%20-%20INOVA%20CERRADO%20-%20VERS%C3%83O%20FINAL.pdf","","","não","Sociedade e Meio Ambiente , Negócio Social","",""
"//2eb0cd16e008139946c2510a2de49dd6.cdn.bubble.io/f1745343132669x630786762241023700/20250307-Unimed-VTRP-InnovatiOn-7a-ed.-Regulamento.pdf","","","não","HealthTech , Saúde e Bem-estar , Tecnologia da Informação , Inovação Aberta","",""
"","","","não","Pesquisador , ICT , Universidade , Fomento","",""
"","","","não","HealthTech , Saúde e Bem-estar , Aceleração , Inovação Aberta","",""
"","","","não","Educação , Serviços Profissionais , Negócio Social , Inovação Aberta","",""
"//2eb0cd16e008139946c2510a2de49dd6.cdn.bubble.io/f1746821391349x451358025243822500/Missao-Internacional-Anprotec-IASP-Pequin-e-Xiamen.pdf","","","não","Educação , Capital e Investimentos , Instituição , Inovação Aberta","",""
"","","","não","Agronegócio , Educação , Sociedade e Meio Ambiente , Comunidade","",""
"","","","não","Educação , Indústria e Transformação , Moda e Vestuário , Comunidade , Inovação Aberta","",""
"","","","não","Educação , Gestão e Consultoria , Serviços Profissionais , Negócio Social","",""
"//2eb0cd16e008139946c2510a2de49dd6.cdn.bubble.io/f1747075641132x178836669646113440/2025.04.29-Pr%C3%B3-Startups-Opera%C3%A7%C3%A3o.pdf","","","não","Comunidade , Tecnologia da Informação , ICT , Fomento , Aceleração","",""
"","","","não","Educação , Negócio Social , Comunidade , Tecnologia da Informação , Fomento","",""
"//2eb0cd16e008139946c2510a2de49dd6.cdn.bubble.io/f1747337020616x966461409626615900/DESAFIO_1.pdf","","","não","Governo e Poder Público , Logística e Transportes , Saúde e Bem-estar , Segurança e Defesa  , Tecnologia da Informação","",""
"//2eb0cd16e008139946c2510a2de49dd6.cdn.bubble.io/f1747337677893x850563715588148000/DESAFIO_2.pdf","","","não","Governo e Poder Público , Logística e Transportes , Indústria e Transformação , Segurança e Defesa  , Tecnologia da Informação","",""
"//2eb0cd16e008139946c2510a2de49dd6.cdn.bubble.io/f1747422879182x165942681103420580/DESAFIO_3.pdf","","","não","Governo e Poder Público , Logística e Transportes , Indústria e Transformação , Segurança e Defesa  , Tecnologia da Informação","",""
"//2eb0cd16e008139946c2510a2de49dd6.cdn.bubble.io/f1747743374644x677076765366895200/EDITAL-INCUBACAO.PDF","","","não","Educação , Crédito e Finanças , Saúde e Bem-estar , Varejo e Atacado","",""
"","","","","Tecnologia da Informação , Inovação Aberta","",""
"","","","não","Educação , Capital e Investimentos , Tecnologia da Informação","",""
"","","","não","Educação , Capital e Investimentos , Comunidade , Tecnologia da Informação , Semente , Operação , Escala , Fomento , destaque","",""
"","","","não","Operação , Escala","",""
"","","","não","Deep Tech , Educação , Comunidade , Universidade , Empresa Junior","",""
"//2eb0cd16e008139946c2510a2de49dd6.cdn.bubble.io/f1749131840368x292930528989709300/Chamada%20FAPEMIG.pdf","","","não","Capital e Investimentos , Governo e Poder Público , Financiamento","",""
"//2eb0cd16e008139946c2510a2de49dd6.cdn.bubble.io/f1749134438590x275243233096100540/BOLSAS%20ESPECIAIS%20DE%20INICIACAO%20CIENTIFICA%20E%20TECNOLOGIA.pdf","","","não","Governo e Poder Público , Tecnologia da Informação","",""
"//2eb0cd16e008139946c2510a2de49dd6.cdn.bubble.io/f1749134847750x202099428823795620/COMPETE%20MINAS.pdf , //2eb0cd16e008139946c2510a2de49dd6.cdn.bubble.io/f1749472170903x249025931810824560/SEI_114354065_FAPEMIG___Chamada_008_2025.pdf.crdownload","","","não","","",""
"//2eb0cd16e008139946c2510a2de49dd6.cdn.bubble.io/f1749471034168x495886625991975000/GUIA_R81PIDO_-_CHAMADA_FAPEMIG_-_005-2025_1.pdf.crdownload","","","não","Governo e Poder Público , Inovação Aberta","",""
"//2eb0cd16e008139946c2510a2de49dd6.cdn.bubble.io/f1749475257056x515086662278847500/Chamada_PPSUS_2025.pdf.crdownload","","","não","Governo e Poder Público , Saúde e Bem-estar , Pesquisador , Tecnologia da Informação , Inovação Aberta","",""
"//2eb0cd16e008139946c2510a2de49dd6.cdn.bubble.io/f1749557709737x259314980190645800/Boletim%20de%20inova%C3%A7%C3%A3o%20-%20Junho%202025%5B1%5D.pdf","","","não","Marketplace , Agronegócio , Educação , Gestão e Consultoria , Saúde e Bem-estar , Tecnologia da Informação","",""
"//2eb0cd16e008139946c2510a2de49dd6.cdn.bubble.io/f1751632307359x300938478534352300/EDITAL%20DE%20SELE%C3%87%C3%83O%20DE%20STARTUPS%20_%20DESAFIO%20COB%20DE%20STARTUPS%20.docx.pdf","","","não","HealthTech , Gaming & Esports , Saúde e Bem-estar","",""
"//2eb0cd16e008139946c2510a2de49dd6.cdn.bubble.io/f1751634553262x854939055985865000/30_05_2025_Minuta_Chamada_Nordeste.pdf","","","não","Cleantech , Biotech , Automotivo e Mobilidade","",""
"","","","não","Gestão e Consultoria , Incubação","",""
"","","","não","Capital e Investimentos","",""
"","","","não","Indústria e Transformação , Sociedade e Meio Ambiente , Internacionalização","",""
"","","","não","","",""
"","","","não","Financiamento , Incubação , Aceleração","",""
"","","","não","Capital e Investimentos , Governo e Poder Público , Financiamento","",""
"","","","não","FemTech , Sociedade e Meio Ambiente , destaque","",""
"","","","não","Tecnologia da Informação , Inovação Aberta","",""
"","","","não","Biotech , IoT , Deep Tech , Agronegócio","",""
"","","","não","Tecnologia da Informação","",""
"","","","não","Crédito e Finanças","",""
"//2eb0cd16e008139946c2510a2de49dd6.cdn.bubble.io/f1753962967731x166403796030293100/edital-pre-incubacao-jornada-de-negocios.pdf","","","não","","",""
"","","","não","","",""
"//2eb0cd16e008139946c2510a2de49dd6.cdn.bubble.io/f1754049565829x145445704849046940/IAR-2025-2026_Template_Collaborative-Agreement.pdf","","","não","Pesquisador , Inovação Aberta","",""
"","","","não","Inovação Aberta","",""
"","","","não","Pesquisador , Inovação Aberta","",""
"","","","não","Semente , Operação , Fomento","",""
"","","","não","Educação , Saúde e Bem-estar , Segurança e Defesa  , Financiamento","",""
"","","","não","FinTech , Aceleração , Inovação Aberta","",""
"","","","não","IoT , Indústria e Transformação , Tecnologia da Informação , Inovação Aberta","",""
"","","","não","","",""
"","","","não","","",""
"","","","não","Financiamento , Fomento , Aceleração , Inovação Aberta","",""
"","","","não","","",""
"","","","não","Inovação Aberta","",""
"","","","não","Inovação Aberta","",""
"//2eb0cd16e008139946c2510a2de49dd6.cdn.bubble.io/f1755486618318x132821512460728370/EDITAL%20INOVA%C3%87%C3%83O%20ABERTA%20FUNPEC%20SEBRAE%20-%20PUBLICADO.pdf","","","não","Inovação Aberta","",""
"","","","não","Inovação Aberta","",""
"","","","não","","",""
"//2eb0cd16e008139946c2510a2de49dd6.cdn.bubble.io/f1755779887957x628009726113641100/Regulamento%20Supernova.pdf","","","não","Educação , Comunidade , Inovação Aberta","",""
"","","","não","","",""
"","","","não","","",""
"","","","não","Saúde e Bem-estar","",""
"","","","não","","",""
"","","","não","destaque","",""
"//2eb0cd16e008139946c2510a2de49dd6.cdn.bubble.io/f1756815110579x834834004954955100/PLATAFORMA-CHAMADA-SANUP-CAGECE_v1.pdf","","","não","","",""
"//2eb0cd16e008139946c2510a2de49dd6.cdn.bubble.io/f1756905208251x703790115944731000/EDITAL_CPSI_N%C2%BA_001-_2025_-_DERRAMAMENTO_DE_FERTILIZANTES_E_GR%C3%83OS_-_FILAS_DE_ESPERA_NO_EMBARQUE_DE_FERRY-BOAT.pdf","","","não","","",""
"","","","não","GovTech , Inovação Aberta , ODS 11","",""
"","","","não","Tecnologia da Informação , Universidade , Fomento , Incubação , Inovação Aberta , Parque Tecnológico , Pesquisa , Pré-Incubação","",""
"","","","não","","",""
"","","","não","Social Impact , Fomento , ODS 3","",""
"","","","não","","",""
"","","","não","HealthTech , Biotech , GovTech , Saúde e Bem-estar , Operação , destaque","",""
"","","","não","Comunidade , ICT , Semente","",""
"//2eb0cd16e008139946c2510a2de49dd6.cdn.bubble.io/f1758317378140x906764901783200600/Certificac%CC%A7a%CC%83o%20ANPEI%20-%20Deep%20Techs%20Architect%5B1%5D.pdf","","","não","","",""
"","","","não","IoT , Deep Tech , Alimentos e Bebidas , Indústria e Transformação","",""
"","","","não","","",""
"","","","não","","",""
"","","","não","","",""
"//2eb0cd16e008139946c2510a2de49dd6.cdn.bubble.io/f1758725375564x897368285237093500/LUV%20Desafios%20%281%29.pdf","","","não","GovTech , Governo e Poder Público , Inovação Aberta , ODS 11","",""
"//2eb0cd16e008139946c2510a2de49dd6.cdn.bubble.io/f1758725548278x834401040301249200/LUV%20Desafios%20%281%29.pdf","","","não","GovTech , Governo e Poder Público , Inovação Aberta , Acessibilidade","",""
"","","","não","Educação , Crédito e Finanças , Negócio Social","",""
"","","","não","GovTech , Educação , Inovação Aberta , ODS 9","",""
"","","","não","GovTech , Deep Tech , Fomento","",""
"","","","não","AgTech , Incubação , ODS 2","",""
"","","","não","","",""
"","","","não","Crédito e Finanças , Governo e Poder Público , Tecnologia da Informação","",""
"","","","não","Crédito e Finanças , Governo e Poder Público , Tecnologia da Informação","",""
"","","","não","EdTech , Social Impact , Educação , Inovação Aberta","",""
"//2eb0cd16e008139946c2510a2de49dd6.cdn.bubble.io/f1760469383954x516199632881788800/2025.09.22-Desafios-Sociais-1.pdf","","","não","GovTech , Governo e Poder Público , Sociedade e Meio Ambiente , Negócio Social , Fomento , Inovação Aberta","",""
"//2eb0cd16e008139946c2510a2de49dd6.cdn.bubble.io/f1760469800538x563415935863969400/2025.10.10-Desafios-Gov-ERRATA.pdf , //2eb0cd16e008139946c2510a2de49dd6.cdn.bubble.io/f1760469800934x920112965510766700/2025.09.22-Desafios-Gov-1.pdf","","","não","GovTech , Governo e Poder Público , Operação , Fomento , Inovação Aberta","",""
"//2eb0cd16e008139946c2510a2de49dd6.cdn.bubble.io/f1760470636441x848598054249322400/02_10_2025_Edital_CC_IFES_2025.pdf","","","não","ICT , Universidade , Financiamento , Fomento , Pesquisa","",""
"//2eb0cd16e008139946c2510a2de49dd6.cdn.bubble.io/f1760472194764x548376724643762500/22092025_Edital_2665850_TERMO_DE_OUTORGA_E_ACEITE_DE_BOLSA__r1__1_.pdf , //2eb0cd16e008139946c2510a2de49dd6.cdn.bubble.io/f1760472195200x596040747598479000/Portaria%20n%C2%BA%20289%2C%20de%2028%20de%20Dezembro%20de%202018.pdf , //2eb0cd16e008139946c2510a2de49dd6.cdn.bubble.io/f1760472196082x444242488245290000/22092025_Edital_2665852_3Modelo_carta_do_orientador_brasileiro___proficiencia.pdf , //2eb0cd16e008139946c2510a2de49dd6.cdn.bubble.io/f1760472196868x316425141401821100/22092025_Edital_2665853_4Modelo_carta_do_orientador_estrangeiro___proficiencia.pdf , //2eb0cd16e008139946c2510a2de49dd6.cdn.bubble.io/f1760472198063x250426487027957120/22092025_Edital_2685512_SEI_2685312_Edital_20_2025.pdf","","","não","Educação , Pesquisador , Universidade , Internacionalização , Fomento , Pesquisa","",""
"","","","não","Social Impact , Negócio Social , Empresa Junior","",""
"","","","não","LogTech , GovTech , Educação , Inovação Aberta","",""
"","","","não","GovTech , Governo e Poder Público","",""
"","","","não","Financiamento , Aceleração , Inovação Aberta","",""
"","","","não","GovTech , Governo e Poder Público , Inovação Aberta","",""
"","","","não","GovTech , Educação , Comunidade , Inovação Aberta","",""
"","","","","Varejo e Atacado , Tecnologia da Informação , Inovação Aberta","",""
"","","","","Indústria e Transformação , Processos , Inovação Aberta","",""
"","","","","Cleantech , Sociedade e Meio Ambiente , Inovação Aberta , Sustentabilidade","",""
"","","","","HRTech , Gestão e Consultoria , Inovação Aberta","",""
"","","","","Comunidade , Tecnologia da Informação , Inovação Aberta","",""
"//2eb0cd16e008139946c2510a2de49dd6.cdn.bubble.io/f1762279169072x829267152670243100/Desfio.pdf","","","não","FinTech , Tecnologia da Informação , Semente , Operação , Financiamento , Incubação , Pré-Incubação","",""
"","","","não","HealthTech , Deep Tech , Comunidade , Tecnologia da Informação","",""
"","","","não","Biotech , Inovação Aberta , ODS 13 , Sustentabilidade","",""
"","","","não","Deep Tech , Internacionalização , Inovação Aberta","",""
"","","","não","Cleantech , Indústria e Transformação , Inovação Aberta , Sustentabilidade","",""
"","","","não","FinTech , Construção e Imóveis , Varejo e Atacado , Inovação Aberta","",""
"","","","não","Educação , Inovação Aberta","",""
"","","","não","Incubação , Inovação Aberta","",""
"","","","não","HealthTech , Social Impact , Governo e Poder Público , Saúde e Bem-estar , Inovação Aberta","",""
"","","","não","Comunidade , Tecnologia da Informação , ODS 4","",""
"","","","não","FinTech , Capital e Investimentos , Inovação Aberta , ODS 9","",""
"","","","não","Sociedade e Meio Ambiente","",""
"","","","não","","",""
"","","","não","Governo e Poder Público , Tecnologia da Informação , destaque","",""
"","","","não","Cleantech , Energia , Sociedade e Meio Ambiente","",""
"","","","não","GovTech , Saúde e Bem-estar , Tecnologia da Informação , Inovação Aberta , destaque","",""
"","","","não","ICT , Universidade , Incubação , destaque , Parque Tecnológico","",""
"","","","não","Capital e Investimentos , Comunidade , Aceleração , Inovação Aberta","",""
"","","","não","Energia , Inovação Aberta , destaque , Sustentabilidade","",""
"","Fomento / recursos não reembolsáveis  (editais de subvenção, fomento à pesquisa, bolsas, prêmios)","Cultura, economia criativa e mídia , Turismo e hotelaria , Tecnologia da informação e comunicação","sim","Hotelaria e Turismo , Internacionalização , Inovação Aberta , destaque , Sustentabilidade","Jan 2, 2026 12:00 am","Jan 2, 2026 12:00 am"
"","","","não","FinTech , Saúde e Bem-estar","",""
"","","","não","Inovação Aberta","",""
"","Crédito / financiamento reembolsável","Indústria e manufatura , Tecnologia da informação e comunicação","sim","Indústria e Transformação , Tecnologia da Informação , Inovação Aberta , destaque","Jan 20, 2026 12:00 am","Jan 20, 2026 12:00 am"
"","Investimento de risco  (investidor-anjo, fundos, corporate venture)","Finanças, crédito e seguros , Tecnologia da informação e comunicação","sim","Capital e Investimentos , Escala , Aceleração","Jan 12, 2026 12:00 am","Jan 12, 2026 12:00 am"
"","Crédito / financiamento reembolsável","Indústria e manufatura , Logística e transportes , Tecnologia da informação e comunicação","sim","","Jan 20, 2026 12:00 am","Jan 20, 2026 12:00 am"
"","Crédito / financiamento reembolsável","Indústria e manufatura , Logística e transportes , Tecnologia da informação e comunicação","sim","","Jan 20, 2026 12:00 am","Jan 20, 2026 12:30 am"
"//2eb0cd16e008139946c2510a2de49dd6.cdn.bubble.io/f1771874455338x606271701040071600/_Incu...cao_2026.1.pdf , //2eb0cd16e008139946c2510a2de49dd6.cdn.bubble.io/f1771874457282x981859731669877100/MODELO_DE_INT...TO_DIGITAL.pdf","Programas de incubação / pré-incubação","Governo e setor público , Trabalho, emprego e renda , Tecnologia da informação e comunicação","sim","","Jan 20, 2026 12:00 am","Jan 20, 2026 12:00 am"
"//2eb0cd16e008139946c2510a2de49dd6.cdn.bubble.io/f1771875789130x188976334263544200/MODELO_DE_INT...TO_DIGITAL.pdf , //2eb0cd16e008139946c2510a2de49dd6.cdn.bubble.io/f1771875789636x767589565864162700/_Pre-...cao_2026.1.pdf","Programas de incubação / pré-incubação","Governo e setor público , Trabalho, emprego e renda , Tecnologia da informação e comunicação","sim","","Feb 20, 2026 12:00 am","Feb 20, 2026 12:00 am"
"//2eb0cd16e008139946c2510a2de49dd6.cdn.bubble.io/f1771876083007x819401336961179900/MODELO_DE_INT...TO_DIGITAL.pdf , //2eb0cd16e008139946c2510a2de49dd6.cdn.bubble.io/f1771876083326x710486980460429000/racao_2026.pdf","Programas de aceleração","Governo e setor público , Trabalho, emprego e renda , Tecnologia da informação e comunicação","sim","","Feb 19, 2026 12:00 am","Feb 20, 2026 10:30 am"
"//2eb0cd16e008139946c2510a2de49dd6.cdn.bubble.io/f1771876468110x813724013863663200/b057-4617-af65-ebb33c8d1e3f-4b4f-a095-f147d5a3c38d-_Inte...026.1.docx.pdf , //2eb0cd16e008139946c2510a2de49dd6.cdn.bubble.io/f1771876468174x819354978110251400/9d64-4847-b134-c7adbdb31054-4d07-9434-2d6ff0fce49d-Manual_do_Par..._.pptx__1_.pdf , //2eb0cd16e008139946c2510a2de49dd6.cdn.bubble.io/f1771876469323x698796698111954200/ef3b-4037-9f45-38f75256facd-4137-a86b-fdac0cfd528e-MODELO_DE_INT...RISMO_2026.pdf","Conexão com o ecossistema de inovação  (participação em desafios, eventos, premiações, redes e comunidades)","Governo e setor público , Comércio e serviços , Tecnologia da informação e comunicação","sim","","",""
"//2eb0cd16e008139946c2510a2de49dd6.cdn.bubble.io/f1772124635749x607753778633389300/06_02_2026_SBV_Regulamento.pdf","Fomento / recursos não reembolsáveis  (editais de subvenção, fomento à pesquisa, bolsas, prêmios)","Saúde , Clima e transição energética , Indústria e manufatura","sim","","",""
"","Conexão com o ecossistema de inovação  (participação em desafios, eventos, premiações, redes e comunidades)","Inovação aberta , Empreendedorismo científico , Ambientes de inovação","sim","","Mar 13, 2026 9:00 pm","Mar 13, 2026 12:00 pm"
"","","Tecnologia da informação e comunicação , Inovação aberta","sim","","Mar 13, 2026 9:00 pm","Mar 13, 2026 9:00 pm"
"","","Governo e setor público , Inovação aberta , Empreendedorismo científico , Ambientes de inovação","sim","","Mar 13, 2026 10:00 am",""
"","","Tecnologia da informação e comunicação , Inovação aberta","sim","","Mar 13, 2026 10:00 am","Mar 13, 2026 9:00 pm"
"","Conexão com o ecossistema de inovação  (participação em desafios, eventos, premiações, redes e comunidades)","Educação , Tecnologia da informação e comunicação , Inovação aberta","sim","","May 4, 2026 9:00 pm","Mar 4, 2026 9:00 pm"
"","","Tecnologia da informação e comunicação , Inovação aberta","sim","","Mar 13, 2026 9:00 pm","Mar 13, 2026 12:00 pm"
"","","Inovação aberta , Ambientes de inovação","sim","","Mar 13, 2026 11:00 am","Feb 28, 2026 9:00 pm"
"","","Comércio e serviços , Cultura, economia criativa e mídia , Tecnologia da informação e comunicação","sim","","","Mar 16, 2026 12:00 pm"
"","Parcerias de P&D com universidades / institutos de pesquisa","Tecnologia da informação e comunicação , Inovação aberta , Gestão da inovação","sim","","","Mar 17, 2026 12:00 pm"
"","Parcerias de P&D com universidades / institutos de pesquisa","Tecnologia da informação e comunicação , Inovação aberta , Gestão estratégica","sim","","Mar 11, 2026 9:00 am","Mar 17, 2026 11:30 am"
"","Programas de incubação / pré-incubação","Inovação aberta , Empreendedorismo científico , Ambientes de inovação","sim","","Mar 17, 2026 11:00 am","Mar 17, 2026 11:00 am"
"","Programas de aceleração","Meio ambiente e sustentabilidade , Clima e transição energética , Inovação aberta","sim","","Mar 25, 2026 11:00 am","Mar 25, 2026 11:00 am"
"","Conexão com o ecossistema de inovação  (participação em desafios, eventos, premiações, redes e comunidades)","Cidades, mobilidade e urbanismo , Habitação e desenvolvimento urbano , Inovação aberta","sim","","","Mar 25, 2026 11:30 am"
"","Conexão com o ecossistema de inovação  (participação em desafios, eventos, premiações, redes e comunidades)","Cidades, mobilidade e urbanismo , Habitação e desenvolvimento urbano , Inovação aberta","sim","","Mar 27, 2026 12:00 pm","Mar 25, 2026 11:30 am"
"","Conexão com o ecossistema de inovação  (participação em desafios, eventos, premiações, redes e comunidades)","Inovação aberta , Empreendedorismo científico , Ambientes de inovação","sim","","","Apr 1, 2026 5:30 am"
"","Testes e pilotos com governo","Educação , Governo e setor público , Tecnologia da informação e comunicação , Inovação aberta","sim","","Apr 1, 2026 10:00 am","Apr 2, 2026 10:00 am"
"","Parcerias de P&D com universidades / institutos de pesquisa","Saúde , Clima e transição energética , Empreendedorismo científico","sim","","","Mar 31, 2026 10:00 am"
"","Conexão com o ecossistema de inovação  (participação em desafios, eventos, premiações, redes e comunidades)","Governo e setor público , Inovação aberta , Administração pública inovadora","sim","","","Apr 1, 2026 11:30 pm"
"","Programas de aceleração","Inovação aberta , Gestão da inovação , Ambientes de inovação","sim","","Apr 1, 2026 12:00 pm","Apr 1, 2026 12:00 pm"
"","Fomento / recursos não reembolsáveis  (editais de subvenção, fomento à pesquisa, bolsas, prêmios)","Saúde , Clima e transição energética , Empreendedorismo científico","sim","","","Apr 8, 2026 8:00 am"
"","Investimento de risco  (investidor-anjo, fundos, corporate venture)","Inovação aberta , Gestão da inovação , Ambientes de inovação","sim","","","Apr 8, 2026 12:30 pm"
"","Fomento / recursos não reembolsáveis  (editais de subvenção, fomento à pesquisa, bolsas, prêmios)","Inclusão social e direitos humanos , Gestão da inovação , Empreendedorismo científico","sim","","","Apr 10, 2026 12:00 pm"
"","Conexão com o ecossistema de inovação  (participação em desafios, eventos, premiações, redes e comunidades)","Governo e setor público , Tecnologia da informação e comunicação , Inovação aberta","sim","","","Apr 12, 2026 12:00 pm"
"","Fomento / recursos não reembolsáveis  (editais de subvenção, fomento à pesquisa, bolsas, prêmios)","Meio ambiente e sustentabilidade , Agronegócio e alimentação , Empreendedorismo científico","sim","","","Apr 14, 2026 12:00 pm"
"","Fomento / recursos não reembolsáveis  (editais de subvenção, fomento à pesquisa, bolsas, prêmios)","Indústria e manufatura , Tecnologia da informação e comunicação , Empreendedorismo científico","sim","","","Apr 14, 2026 12:00 pm"
"","Fomento / recursos não reembolsáveis  (editais de subvenção, fomento à pesquisa, bolsas, prêmios)","Indústria e manufatura , Tecnologia da informação e comunicação , Inovação aberta","sim","","","Apr 15, 2026 12:00 pm"
"","Conexão com o ecossistema de inovação  (participação em desafios, eventos, premiações, redes e comunidades)","Trabalho, emprego e renda , Inclusão social e direitos humanos , Tecnologia da informação e comunicação","sim","","","Apr 15, 2026 11:00 am"
"","Testes e pilotos com empresas privadas","Governo e setor público , Inovação aberta , Administração pública inovadora","sim","","","Apr 17, 2026 12:00 pm"
"","Fomento / recursos não reembolsáveis  (editais de subvenção, fomento à pesquisa, bolsas, prêmios)","Cidades, mobilidade e urbanismo , Meio ambiente e sustentabilidade , Clima e transição energética","sim","","Apr 20, 2026 10:00 am","Apr 20, 2026 10:00 am"
"","Conexão com o ecossistema de inovação  (participação em desafios, eventos, premiações, redes e comunidades)","Indústria e manufatura , Inovação aberta , Ambientes de inovação","sim","","","Apr 28, 2026 9:00 am"
"","Fomento / recursos não reembolsáveis  (editais de subvenção, fomento à pesquisa, bolsas, prêmios)","Cidades, mobilidade e urbanismo , Meio ambiente e sustentabilidade , Clima e transição energética","sim","","","Apr 23, 2026 9:00 am"
"","Fomento / recursos não reembolsáveis  (editais de subvenção, fomento à pesquisa, bolsas, prêmios)","Saúde , Tecnologia da informação e comunicação , Empreendedorismo científico","sim","","","Apr 23, 2026 9:00 am"
"","Fomento / recursos não reembolsáveis  (editais de subvenção, fomento à pesquisa, bolsas, prêmios)","Meio ambiente e sustentabilidade , Clima e transição energética , Indústria e manufatura","sim","","","Apr 23, 2026 12:00 pm"
"","Fomento / recursos não reembolsáveis  (editais de subvenção, fomento à pesquisa, bolsas, prêmios)","Meio ambiente e sustentabilidade , Clima e transição energética , Indústria e manufatura","sim","","","Apr 23, 2026 12:00 pm"
"","Fomento / recursos não reembolsáveis  (editais de subvenção, fomento à pesquisa, bolsas, prêmios)","Cidades, mobilidade e urbanismo , Meio ambiente e sustentabilidade , Logística e transportes","sim","","","Apr 23, 2026 12:00 pm"
"","Conexão com o ecossistema de inovação  (participação em desafios, eventos, premiações, redes e comunidades)","Clima e transição energética , Inovação aberta , Estratégia comercial","sim","","","Apr 27, 2026 10:30 am"
"","Conexão com o ecossistema de inovação  (participação em desafios, eventos, premiações, redes e comunidades)","Governo e setor público , Inovação aberta , Administração pública inovadora","sim","","","Apr 27, 2026 10:30 am"
"","Conexão com o ecossistema de inovação  (participação em desafios, eventos, premiações, redes e comunidades)","Tecnologia da informação e comunicação , Gestão da inovação , Estratégia comercial","sim","","Apr 29, 2026 8:30 am","Apr 29, 2026 10:30 am"
"","Conexão com o ecossistema de inovação  (participação em desafios, eventos, premiações, redes e comunidades)","Comércio e serviços , Inovação aberta , Estratégia comercial","sim","","","Apr 29, 2026 11:00 am"
"","Conexão com o ecossistema de inovação  (participação em desafios, eventos, premiações, redes e comunidades)","Inovação aberta , Empreendedorismo científico , Cooperação academia-indústria","não","","","Apr 29, 2026 11:30 am"
"","Programas de aceleração","Finanças, crédito e seguros , Inovação aberta , Gestão estratégica","sim","","","Apr 30, 2026 10:00 am"
"","Conexão com o ecossistema de inovação  (participação em desafios, eventos, premiações, redes e comunidades)","Trabalho, emprego e renda , Tecnologia da informação e comunicação , Gestão do conhecimento","sim","","","Apr 30, 2026 10:00 am"
"","Conexão com o ecossistema de inovação  (participação em desafios, eventos, premiações, redes e comunidades)","Gestão do conhecimento , Estratégia comercial , Empreendedorismo científico","sim","","",""
"","Conexão com o ecossistema de inovação  (participação em desafios, eventos, premiações, redes e comunidades)","Meio ambiente e sustentabilidade , Inclusão social e direitos humanos , Inovação aberta","sim","","",""
"","Fomento / recursos não reembolsáveis  (editais de subvenção, fomento à pesquisa, bolsas, prêmios)","Tecnologia da informação e comunicação , Inovação aberta , Inteligência organizacional","sim","LogTech , Logística e Transportes , Indústria e Transformação , Tecnologia da Informação , destaque","May 14, 2026 9:00 am","May 14, 2026 9:30 am"
"","Conexão com o ecossistema de inovação  (participação em desafios, eventos, premiações, redes e comunidades)","Tecnologia da informação e comunicação , Ambientes de inovação","sim","","May 25, 2026 9:00 pm","May 1, 2026 11:30 am"
"","","Tecnologia da informação e comunicação , Inovação aberta , Empreendedorismo científico , Ambientes de inovação","sim","","May 25, 2026 5:00 pm",""
"","Programas de aceleração","Governo e setor público , Meio ambiente e sustentabilidade , Clima e transição energética , Indústria e manufatura , Agronegócio e alimentação , Tecnologia da informação e comunicação","sim","","Dec 31, 2025 9:00 pm","Dec 31, 2025 9:00 pm"
"","Conexão com o ecossistema de inovação  (participação em desafios, eventos, premiações, redes e comunidades)","Inovação aberta , Empreendedorismo científico , Ambientes de inovação","sim","","May 20, 2026 1:30 pm",""
"","","Tecnologia da informação e comunicação , Inovação aberta , Empreendedorismo científico , Ambientes de inovação","sim","","May 21, 2026 9:00 am","May 1, 2026 11:30 am"
"","Conexão com o ecossistema de inovação  (participação em desafios, eventos, premiações, redes e comunidades)","Meio ambiente e sustentabilidade , Clima e transição energética , Tecnologia da informação e comunicação , Inovação aberta","sim","","May 14, 2026 9:00 pm","May 14, 2026 9:00 pm"
