"é duplicada","data-submissão","Desafio","Email-lider","emailEnviado","File1.1","File1.2"
"","Sep 1, 2025 9:48 am","1741713756342x475094650909622300","gabifc_graciano@hotmail.com","","",""
"","Sep 2, 2025 11:58 am","1741713756342x475094650909622300","fred@indigohive.com.br","","",""
"","Aug 29, 2025 1:27 pm","1741715341881x519750575031320600","contato@manaca.net.br","","",""
"","Aug 29, 2025 3:44 pm","1741717308549x865975349857747000","rodrigo@tcsindustrial.com.br","","",""
"","Aug 29, 2025 4:07 pm","1741717308549x865975349857747000","salvador@saveadd.com.br","","","//2eb0cd16e008139946c2510a2de49dd6.cdn.bubble.io/f1756493830624x401480104606071200/2.1%20MVP.pdf"
"","Aug 29, 2025 4:40 pm","1741717852329x959885049985499100","PABLO13012001@GMAIL.COM","","",""
"","Aug 29, 2025 4:31 pm","1741717852329x959885049985499100","mizael.correia@gmail.com","","",""
"","Sep 1, 2025 12:28 pm","1741715341881x519750575031320600","wectornanime@gmail.com","","//2eb0cd16e008139946c2510a2de49dd6.cdn.bubble.io/f1756738592824x130283428189013060/horus-prototipo.pdf",""
"","Sep 2, 2025 10:59 am","1741717852329x959885049985499100","silvio@tech3br.com","","//2eb0cd16e008139946c2510a2de49dd6.cdn.bubble.io/f1756819321796x625641546217425840/tech3-prototipo_telas.pdf",""
"","Sep 2, 2025 12:17 pm","1741713756342x475094650909622300","felipecmuniz@gmail.com","","//2eb0cd16e008139946c2510a2de49dd6.cdn.bubble.io/f1756825777677x450854471970756350/susia-prototipo.pdf",""
