"aceite_final","aceite_lgpd","aceite_termos","aceite_veracidade","anexos_complementares","anexos","assinatura_nome"
"sim","","","","","//2eb0cd16e008139946c2510a2de49dd6.cdn.bubble.io/f1778193115310x218904176292806340/1-s2.0-S0044848617325942-main.pdf",""
"sim","","","","","//2eb0cd16e008139946c2510a2de49dd6.cdn.bubble.io/f1778797780797x249977734464041700/Thalles%20Journal%20of%20Equine%20Veterinary%20Science%202022.pdf , //2eb0cd16e008139946c2510a2de49dd6.cdn.bubble.io/f1778797786865x377206923474260300/Dissertac%CC%A7a%CC%83o%20Thalles%20Moura%20em%2028%20julho%202017.pdf",""
"sim","","","","","//2eb0cd16e008139946c2510a2de49dd6.cdn.bubble.io/f1779118566281x142646389385997060/TESE%20Raquel%20Pereira%20Freitas%20da%20Silva.pdf",""
"sim","","","","","//2eb0cd16e008139946c2510a2de49dd6.cdn.bubble.io/f1779196853694x883558525261982700/ANEXO_A_Paper%20BABT.pdf , //2eb0cd16e008139946c2510a2de49dd6.cdn.bubble.io/f1779196853910x585141099456519200/Resumo%20Executivo.pdf , //2eb0cd16e008139946c2510a2de49dd6.cdn.bubble.io/f1779196855202x465873588312086140/ANEXO_B_Paper%20PoC.pdf , //2eb0cd16e008139946c2510a2de49dd6.cdn.bubble.io/f1779196855515x302832135786470300/ANEXO_C_Paper%20Electronics.pdf , //2eb0cd16e008139946c2510a2de49dd6.cdn.bubble.io/f1779196857125x486816987740384700/ANEXO_D_Patente.pdf",""
"sim","","","","","//2eb0cd16e008139946c2510a2de49dd6.cdn.bubble.io/f1779198423035x107045074333459660/Oliveira%20et%20al.%20-%202018%20-%20IJBIOMAC.pdf , //2eb0cd16e008139946c2510a2de49dd6.cdn.bubble.io/f1779198423775x628072602142586400/Artigo%20Imobilizac%CC%A7a%CC%83o%20de%20pectinase.pdf",""
"sim","","","","","//2eb0cd16e008139946c2510a2de49dd6.cdn.bubble.io/f1779365591383x881663815673479000/DISSERTAC%CC%A7A%CC%83O%20VIVIANNE%20CAVALCANTI.pdf , //2eb0cd16e008139946c2510a2de49dd6.cdn.bubble.io/f1779365592192x487705175031528000/1-s2.0-S2211926421001090-main%20%281%29.pdf",""
"sim","","","","","//2eb0cd16e008139946c2510a2de49dd6.cdn.bubble.io/f1779366695161x263699455503914940/Documento%20sem%20ti%CC%81tulo%20%286%29.pdf , //2eb0cd16e008139946c2510a2de49dd6.cdn.bubble.io/f1779366695980x326119393408589060/Relatorio%20FINAL%20-%20Bruna%20-%20PIC.pdf , //2eb0cd16e008139946c2510a2de49dd6.cdn.bubble.io/f1779366697882x532143828379245700/RELATORIO_FINAL_-_PIBIT_-_SOPHIA_assinado.pdf , //2eb0cd16e008139946c2510a2de49dd6.cdn.bubble.io/f1779366698000x135324705860927940/Relatorio%20Final%20-%20PIBIC%20-%20Igor.pdf , //2eb0cd16e008139946c2510a2de49dd6.cdn.bubble.io/f1779366700660x807191259163366700/Deize_Bacry_Rodrigues_dos_Santos_-_Relatorio_de_ES_230929_161829__281_29_assinado-2_%25281%2529_assinado.pdf",""
"sim","","","","","//2eb0cd16e008139946c2510a2de49dd6.cdn.bubble.io/f1779378296208x824084203249139600/BR102020004629A2.pdf , //2eb0cd16e008139946c2510a2de49dd6.cdn.bubble.io/f1779378296379x525177491296253250/Melo.2025.pdf , //2eb0cd16e008139946c2510a2de49dd6.cdn.bubble.io/f1779378298843x121515434066197470/Santos-Magnabosco%20et%20al.%2C%202022.pdf , //2eb0cd16e008139946c2510a2de49dd6.cdn.bubble.io/f1779378303162x584384496282205600/EVIDENCIAS.pdf",""
"sim","","","","","//2eb0cd16e008139946c2510a2de49dd6.cdn.bubble.io/f1779483324570x117317020236962220/Robespierre%20Animal%20Reproduction%202019.pdf , //2eb0cd16e008139946c2510a2de49dd6.cdn.bubble.io/f1779483324672x589433932008283100/Robespierre%20Biopreservation%20and%20Biobanking.pdf , //2eb0cd16e008139946c2510a2de49dd6.cdn.bubble.io/f1779483326557x139896123899128080/Dissertac%CC%A7a%CC%83o%20Robespierre%20Augusto%20Joaquim%20Araujo%20Silva.pdf , //2eb0cd16e008139946c2510a2de49dd6.cdn.bubble.io/f1779483326621x933270194405236000/Patente%20Robespierre%20RoBR102019010150-4%20Versa%CC%83o%20autor%20pATENTE%20RObespierre.pdf",""
"sim","","","","","//2eb0cd16e008139946c2510a2de49dd6.cdn.bubble.io/f1779484586945x200723547293657280/Documento%20sem%20ti%CC%81tulo%20%286%29.pdf , //2eb0cd16e008139946c2510a2de49dd6.cdn.bubble.io/f1779484588010x858821906302821100/BR%2010%202024%20006252%203%20%28VERSA%CC%83O%20INVENTORES%29.pdf , //2eb0cd16e008139946c2510a2de49dd6.cdn.bubble.io/f1779484589543x913456201871640300/RELATORIO_FINAL_-_PIBIT_-_SOPHIA_assinado.pdf , //2eb0cd16e008139946c2510a2de49dd6.cdn.bubble.io/f1779484589395x426100708061293060/Deize_Bacry_Rodrigues_dos_Santos_-_Relatorio_de_ES_230929_161829__281_29_assinado-2_%25281%2529_assinado.pdf , //2eb0cd16e008139946c2510a2de49dd6.cdn.bubble.io/f1779484590670x265873426921651170/Relatorio%20FINAL%20-%20Bruna%20-%20PIC.pdf , //2eb0cd16e008139946c2510a2de49dd6.cdn.bubble.io/f1779484591829x132639305819992180/Relatorio%20Final%20-%20PIBIC%20-%20Igor.pdf",""
"sim","","","","","//2eb0cd16e008139946c2510a2de49dd6.cdn.bubble.io/f1779658605039x342322834617180900/Tese%20revisa%CC%83o%20versa%CC%83o%20final%2001.pdf",""
"sim","","","","","//2eb0cd16e008139946c2510a2de49dd6.cdn.bubble.io/f1780064653296x509489689438669400/ifpe_agata_certificado_INPI.pdf , //2eb0cd16e008139946c2510a2de49dd6.cdn.bubble.io/f1780064653733x805675512332556900/ifpe_agata_resultado.pdf , //2eb0cd16e008139946c2510a2de49dd6.cdn.bubble.io/f1780064655508x156332985634303650/ifpe_agata_artigo.pdf , //2eb0cd16e008139946c2510a2de49dd6.cdn.bubble.io/f1780064655741x976962835998000500/ifpe_agata_video.mp4 , //2eb0cd16e008139946c2510a2de49dd6.cdn.bubble.io/f1780064657980x149449400469405340/ifpe_agata_TESE.pdf",""
"sim","","","","","",""
"sim","","","","","//2eb0cd16e008139946c2510a2de49dd6.cdn.bubble.io/f1780322415515x552754030246256100/NanoBP%20-%20Rafael%20Vilela.pdf",""
"sim","","","","","//2eb0cd16e008139946c2510a2de49dd6.cdn.bubble.io/f1780339199418x708368114463163900/Proposta%20Comercial%2004_26%20Software%20CDRF%20-%20Prefeitura%20de%20Olinda.docx.pdf , //2eb0cd16e008139946c2510a2de49dd6.cdn.bubble.io/f1780339199760x936534756877141600/CDRF%20x%20Mendes%20e%20Borges%20Assinado.pdf , //2eb0cd16e008139946c2510a2de49dd6.cdn.bubble.io/f1780339200858x932712723605170400/233.711-NCCP_CONTRATOLICENCIAMENTO_23076.0236282026-62_CONSORCIO%20DIAGGEO%20-%20Clicksign.pdf , //2eb0cd16e008139946c2510a2de49dd6.cdn.bubble.io/f1780339285975x503945325146263550/Doc%2009%20-%20CERTIFICADO_-_BR_51_2021_000666_6-1%20%281%29.pdf",""
"sim","","","","","//2eb0cd16e008139946c2510a2de49dd6.cdn.bubble.io/f1780367306443x153737636220547800/Pitch%20Deck%20NMRec_2026_20260601_215621_0000.pdf",""
