"anexos","id_submissao_centelha","resolvedor","talento","Creation Date","Modified Date","Slug"
"//2eb0cd16e008139946c2510a2de49dd6.cdn.bubble.io/f1775662258709x217892817436661440/Pitch%20Hawk%20App_PPT_Edital%20CENTELHA_REV.01_DEZ.2025.pdf","https://pe.programacentelha.com.br/es1/ideia/imprimir/hawk-app-a-evolucao-digital-para-gestao-de-projetos-e-obras","Hawk App: a evolução digital para gestão de projetos e obras","","Apr 8, 2026 12:31 pm","Apr 8, 2026 12:31 pm",""
"","https://pe.programacentelha.com.br/es1/ideia/beebip-mobilidade-escolar-segura-e-sustentavel","","filipe@soulmarca.com.br","Apr 8, 2026 3:06 pm","Apr 8, 2026 3:06 pm",""
"//2eb0cd16e008139946c2510a2de49dd6.cdn.bubble.io/f1775675370438x849026398715985200/Certificado%20de%20Participa%C3%A7%C3%A3o%20Fase%201%20-%20Programa%20Centelha%203%20-%20Guilhermevin%C3%ADcius%20C%C3%A9sar%20Cavalcane.pdf , //2eb0cd16e008139946c2510a2de49dd6.cdn.bubble.io/f1775675390873x806565523001637200/Programa%20Centelha%20_%20PE%20-%20CENA%20-%20CENTRO%20DE%20EST%C3%8DMULO%20A%20NOVOS%20ARTISTAS.pdf","https://pe.programacentelha.com.br/es1/projeto/cena-centro-de-estimulo-a-novos-artistas","CENA - CENTRO DE ESTÍMULO A NOVOS ARTISTAS","","Apr 8, 2026 4:10 pm","Apr 8, 2026 4:10 pm",""
"//2eb0cd16e008139946c2510a2de49dd6.cdn.bubble.io/f1775676030182x664319818340017700/Programa%20Centelha%20_%20PE%20-%20CENA%20-%20CENTRO%20DE%20EST%C3%8DMULO%20A%20NOVOS%20ARTISTAS.pdf , //2eb0cd16e008139946c2510a2de49dd6.cdn.bubble.io/f1775676033080x443341944288601100/Certificado%20de%20Participa%C3%A7%C3%A3o%20Fase%201%20-%20Programa%20Centelha%203%20-%20Guilhermevin%C3%ADcius%20C%C3%A9sar%20Cavalcane.pdf","https://pe.programacentelha.com.br/es1/projeto/cena-centro-de-estimulo-a-novos-artistas","CENA - CENTRO DE ESTÍMULO A NOVOS ARTISTAS","","Apr 8, 2026 4:20 pm","Apr 8, 2026 4:20 pm",""
"//2eb0cd16e008139946c2510a2de49dd6.cdn.bubble.io/f1775693189315x170039246859255740/Programa%20Centelha%20%7C%20PE%20-%20NELLIA%20-%20Assistente%20inteligente%20de%20Consult%C3%B3rio%20para%20Psi%203.pdf","Não localizado ","NELLIA ","ornelliamenezes@hotmail.com","Apr 8, 2026 9:08 pm","Apr 8, 2026 9:08 pm",""
"//2eb0cd16e008139946c2510a2de49dd6.cdn.bubble.io/f1775730097033x940587011513107600/0_Centelha-PE-3_Lista-Final-de-Aprovadas-da-Fase-1_24.03.2026-1.pdf","6","ENERGIA QUE CONECA","ilanakssantos@gmail.com","Apr 9, 2026 7:21 am","Apr 9, 2026 7:21 am",""
"","N/A","Patternarium","amanda.ferreira@gmail.com","Apr 9, 2026 9:20 am","Apr 9, 2026 9:20 am",""
"","Patternarium - Marketplace de estampas para o setor têxtil","","","Apr 9, 2026 9:25 am","Apr 9, 2026 9:25 am",""
"//2eb0cd16e008139946c2510a2de49dd6.cdn.bubble.io/f1775743055985x287923531811788320/Programa%20Centelha%20_%20PE%20-%20A%20Casa%20Resiliente_%20Arquitetura%20e%20inova%C3%A7%C3%A3o%20para%20moradias%20resilientes_%20%281%29.pdf","https://pe.programacentelha.com.br/es1/ideia/a-casa-resiliente-arquitetura-e-inovacao-para-moradias-resilientes","A Casa Resiliente: Arquitetura e inovação para moradias resilientes.","jairolimafilho@gmail.com","Apr 9, 2026 11:07 am","Apr 9, 2026 11:07 am",""
"//2eb0cd16e008139946c2510a2de49dd6.cdn.bubble.io/f1775754919726x905688964813615100/_Din%C3%A1%20Inclui.pptx","https://pe.programacentelha.com.br/es1/ideia/dina-treinamentos-formacao-profissional-com-acompanhamento","","dinatreinamentos@gmail.com","Apr 9, 2026 2:15 pm","Apr 9, 2026 2:15 pm",""
"","","","","Apr 10, 2026 8:43 am","Apr 10, 2026 8:43 am",""
"","","","","Apr 10, 2026 8:49 am","Apr 10, 2026 8:49 am",""
"","","","","Apr 10, 2026 9:53 am","Apr 10, 2026 9:53 am",""
"","","","ochoaalvaro@recife.ifpe.edu.br","Apr 10, 2026 1:10 pm","Apr 10, 2026 1:10 pm",""
"","","","livia.lemos@facepe.br","Apr 10, 2026 2:02 pm","Apr 10, 2026 2:02 pm",""
"","","","miriam.kezia@ufpe.br","Apr 10, 2026 2:48 pm","Apr 10, 2026 2:48 pm",""
"","","","edhyvone.araujo@gmail.com","Apr 10, 2026 4:04 pm","Apr 10, 2026 4:04 pm",""
"","","","thaisiupimkt@gmail.com","Apr 10, 2026 5:02 pm","Apr 10, 2026 5:02 pm",""
"","","","","Apr 10, 2026 5:45 pm","Apr 10, 2026 5:45 pm",""
"","","","","Apr 10, 2026 5:45 pm","Apr 10, 2026 5:45 pm",""
"","","","alexandre.lima@retechmais.com.br","Apr 10, 2026 6:52 pm","Apr 10, 2026 6:52 pm",""
"","","","estervrl06@gmail.com","Apr 12, 2026 3:50 pm","Apr 12, 2026 3:50 pm",""
"","","","","Apr 12, 2026 3:52 pm","Apr 12, 2026 3:52 pm",""
"","","","","Apr 13, 2026 10:15 am","Apr 13, 2026 10:15 am",""
"","","","cececec@gmail.com","Apr 13, 2026 10:43 am","Apr 13, 2026 10:43 am",""
"","","","","Apr 13, 2026 11:30 am","Apr 13, 2026 11:30 am",""
"","","","startgosolutions@gmail.com","Apr 13, 2026 11:42 am","Apr 13, 2026 11:42 am",""
"","","","rpss1@discente.ifpe.edu.br","Apr 13, 2026 2:36 pm","Apr 13, 2026 2:36 pm",""
"","","","joaohenriquessantos43@gmail.com","Apr 13, 2026 2:37 pm","Apr 13, 2026 2:37 pm",""
"","","","tyuioiuyiuoyouiyiuo@asdasda.com","Apr 14, 2026 11:28 am","Apr 14, 2026 11:28 am",""
"","","","11111@gmail.com.br","Apr 14, 2026 11:33 am","Apr 14, 2026 11:33 am",""
"","","","ofig.lucas@gmail.com","Apr 14, 2026 11:35 am","Apr 14, 2026 11:35 am",""
"","","","asdfasdf@asdfasdf.com","Apr 14, 2026 11:40 am","Apr 14, 2026 11:40 am",""
"","","","lourencolpb@hotmail.com","Apr 15, 2026 12:43 am","Apr 15, 2026 12:43 am",""
"","","","ricardo@florainsights.com.br","Apr 16, 2026 3:32 am","Apr 16, 2026 3:32 am",""
"","","","","Apr 16, 2026 6:07 pm","Apr 16, 2026 6:07 pm",""
"","","","","Apr 17, 2026 3:34 pm","Apr 17, 2026 3:34 pm",""
"","","","","Apr 17, 2026 3:35 pm","Apr 17, 2026 3:35 pm",""
"","","","lindomaracristina16@gmail.com","Apr 17, 2026 8:00 pm","Apr 17, 2026 8:00 pm",""
"","","","","May 16, 2026 5:49 pm","May 16, 2026 5:49 pm",""
"","","","","May 24, 2026 6:23 pm","May 24, 2026 6:23 pm",""
"","","","","Jun 9, 2026 6:44 pm","Jun 9, 2026 6:44 pm",""
"","","","salesmbrunof@gmail.com","Jun 25, 2026 11:31 am","Jun 25, 2026 11:31 am",""
