"Cargo","cidade","CNPJ","E-mail","Está buscando investimento-anjo?","Está ciente de que compartilharemos essas informações com os patrocinadores da Startup World Cup 2025?","estado"
"Lider fundador","Recife","2131231231","gabrielchamie@gmail.com","não","sim","PE"
"CEO","Maceio","47681875000160","admin@sandora.me","não","sim","AL"
"CEO","Caruaru","46085514000198","diretor@grupoadapta.com.br","sim","sim","PE"
"Founder","Recife","61011472000134","lucasdelima96@gmail.com","sim","sim","PE"
"CEO","PETROLINA","58740502000139","vdiogo225@gmali.com","sim","sim","PE"
"Estudante","Recife","","lucasmiguelbsilva@gmail.com","sim","sim","Pernambuco"
"CEO","Recife","58507389000146","marinho.tecnologias@gmail.com","sim","sim","Pernambuco, PE"
"CEO","Recife","0","criticlevelstartup@gmail.com","sim","sim","Pernambuco"
"CEO, Proprietária","Paulista","51289938000104","rafaela.edelweiss@gmail.com","sim","sim","PE"
"Relationship Developer","Recife","26846328000117","murilo@loomi.com.br","não","sim","Pernambuco"
"Head de Marketing","São Paulo","40651433000121","catarina.alecrim@soueduca.com","sim","sim","São Paulo"
"Cofundadora","Recife ","60273291000113","moverdesoficial@gmail.com","sim","sim","Pernambuco"
"CEO e Co-fundadora","Recife","4906019000115","anafernandes@voltzx.com.br","sim","sim","PE"
"CEO","Jaboatão do Guararapes","60605418000154","mizael.correia@gmail.com","não","sim","PE"
"Chief Executive Officer","Recife","59636516000170","zeatechstartup@gmail.com","sim","sim","PE"
"Diretor de Operações","Recife","38033665000174","contato@stepps.com.br","não","sim","Pernambuco"
"Coordenador do Projeto","Recife","","dmgssantiago@gmail.com","sim","sim","Pernambuco"
"CEO","Santa Cruz do Capibaribe","55101632000133","deividfigueiroa@gmail.com","sim","sim","PE"
"Proprietário","Olinda","31127352000136","geovanny@gstack.com.br","não","sim","Pernambuco"
"CEO","Recife","54442057000170","germini.sementes@gmail.com","sim","sim","Pernambuco"
"CEO","Recife","41941664000132","biofabricadecorais@gmail.com","não","sim","PE"
"CEO","Juazeiro do Norte","57468899000199","andre_juca@hotmail.com","sim","sim","CE"
"CEO","Recife","50243091000164","biotecinovacoes@gmail.com","não","sim","Pernambuco"
