"CPF","data_nascimento","estado_civil","nacionalidade","Nome","Orgao_Expedidor","Profissão"
"fwefwefwfw","Jul 10, 2004 12:00 am","Casado(a)","eqweqweqwew","fewfwefwf","ewfwefwef","qweqwewqeqw"
"11402772432","Jan 28, 2005 1:00 am","Solteiro(a)","Brasileiro","Guilherme Alves de Albuquerque Melo Filho","SDS","Pentester"
"04662875420","Aug 23, 1984 12:00 am","Casado(a)","Brasileiro","Tarcísio Fernandes Domingos da Silva","SDS/PE","Administrador de Empresa"
"04662875420","Aug 23, 1984 12:00 am","Casado(a)","Brasileiro","Tarcísio Fernandes Domingos da Silva","SDS/PE","Administrador de Empresa"
"027.873.214-37","Jan 3, 1978 12:00 am","Casado(a)","BRASILEIRA","FABÍOLA PATRICIA FERREIRA","SSP/PE","FISIOTERAPEUTA"
"129.079.054-06","Dec 8, 2000 12:00 am","Solteiro(a)","Brasileira","Lucas da Silva Pereira","SSP/PE","Desenvolvedor "
"10989782425","Dec 7, 2003 12:00 am","Solteiro(a)","Brasileira","Raul César Costa da Silva","SDS/PE","Desenvolvedor"
"097.758.754-12","Jun 21, 1999 12:00 am","Solteiro(a)","Brasileira","Geovane José da Silva Júnior","SDS/PE","Desenvolvedor"
"70998695408","Jan 13, 2000 12:00 am","Solteiro(a)","Jan 13, 2000 12:00 am","Thiago Henrique dos Santos Gomes","SDS/PE","Desenvolvedor"
"01389060411","Jan 16, 2002 12:00 am","Solteiro(a)","Brasileiro","José Danilo Sacramento de Paula ","SDS/PE","Desenvolvedor móbile"
"70344714446","Feb 20, 2002 12:00 am","Solteiro(a)","Brasileiro","Victor Guilherme Alves Costa","SDS/PE","Desenvolvedor backend"
"057834474-20","Aug 24, 1984 12:00 am","Casado(a)","Brasileiro","Djanir Berto de Melo","SDS/PE","Coordenador da Qualidade"
"095.041.804-85","Mar 30, 2005 12:00 am","Solteiro(a)","Brasileiro","Guilherme Enrique Frota de França Tapia","SDS/PE","Estudante"
"050.149.073-69","Apr 24, 2007 12:00 am","Solteiro(a)","Brasileiro","Gabriel Lucas de Oliveira Xavier ","SDS/PE","Estudante"
"715.165.074-44","Jan 21, 2006 1:00 am","Solteiro(a)","Brasileiro","Samuel Victor de Souza Romão","SDS/PE","Estudante"
"705.788.924-05","Jan 8, 1999 1:00 am","Solteiro(a)","Brasileiro","Leonardo Rafael de Araujo","IITB/PE","Estudante"
"175.108.554-62","Dec 14, 2006 1:00 am","Solteiro(a)","Dec 14, 2006 12:00 am","José Miguel Souza Vasconcelos Leão","SDS/PE","Estudante"
